ID Group,Group,ID Subgroup,Subgroup,ID Occupation,Occupation,ID Year,Year,ID State,State,Workforce by Occupation and Gender,Workforce by Occupation and Gender Moe,Geography,ID Geography,Slug Geography,Median Earnings,Median Earnings Moe,Workforce Prev,Workforce Growth,Median Earnings Prev,Median Earnings Growth,Share
0,"Management, Business, Science, & Arts Occupations",0,"Management, Business, & Financial Occupations",0,"Management Occupations",2022,"2022","04000US06","California",54249,1857.7513288920022,"Congressional District 50, CA","50000US0650","congressional-district-50-ca",200019,12466,39994,35.64284642696404,155738,28.43300928482451,14.26209079532668
0,"Management, Business, Science, & Arts Occupations",0,"Management, Business, & Financial Occupations",1,"Business & Financial Operations Occupations",2022,"2022","04000US06","California",35458,1723.2193708289144,"Congressional District 50, CA","50000US0650","congressional-district-50-ca",179563,7744,19181,84.86001772587456,147178,22.003967984345486,9.321926955717034
0,"Management, Business, Science, & Arts Occupations",1,"Computer, Engineering, & Science Occupations",2,"Computer & Mathematical Occupations",2022,"2022","04000US06","California",25655,1624.1403880206908,"Congressional District 50, CA","50000US0650","congressional-district-50-ca",232297,14113,10817,137.17296847554775,189229,22.75972498929868,6.744713070362697
0,"Management, Business, Science, & Arts Occupations",1,"Computer, Engineering, & Science Occupations",3,"Architecture & Engineering Occupations",2022,"2022","04000US06","California",18188,1451.4613325886432,"Congressional District 50, CA","50000US0650","congressional-district-50-ca",210702,12958,7969,128.23440833228761,185652,13.492986878676232,4.781634820649259
0,"Management, Business, Science, & Arts Occupations",1,"Computer, Engineering, & Science Occupations",4,"Life, Physical, & Social Science Occupations",2022,"2022","04000US06","California",12944,866.0577347960121,"Congressional District 50, CA","50000US0650","congressional-district-50-ca",182570,18949,3260,297.0552147239264,153314,19.08240604250101,3.402984446804707
0,"Management, Business, Science, & Arts Occupations",2,"Education, Legal, Community Service, Arts, & Media Occupations",5,"Community & Social Service Occupations",2022,"2022","04000US06","California",5538,657.5142584005308,"Congressional District 50, CA","50000US0650","congressional-district-50-ca",108414,26609,5603,-1.160092807424594,96105,12.807866396129233,1.4559431293575762
0,"Management, Business, Science, & Arts Occupations",2,"Education, Legal, Community Service, Arts, & Media Occupations",6,"Legal Occupations",2022,"2022","04000US06","California",7624,616.4235556822922,"Congressional District 50, CA","50000US0650","congressional-district-50-ca",280332,18812,3164,140.96080910240204,188566,48.66518884634557,2.004353632759509
0,"Management, Business, Science, & Arts Occupations",2,"Education, Legal, Community Service, Arts, & Media Occupations",7,"Education Instruction, & Library Occupations",2022,"2022","04000US06","California",23658,1591.4735310397093,"Congressional District 50, CA","50000US0650","congressional-district-50-ca",125172,11295,18206,29.946171591782928,105608,18.525111733959548,6.219700714037836
0,"Management, Business, Science, & Arts Occupations",2,"Education, Legal, Community Service, Arts, & Media Occupations",8,"Arts, Design, Entertainment, Sports, & Media Occupations",2022,"2022","04000US06","California",11018,922.6749156664009,"Congressional District 50, CA","50000US0650","congressional-district-50-ca",112743,13064,6147,79.24190662111599,86148,30.87129126619306,2.8966380280357122
0,"Management, Business, Science, & Arts Occupations",3,"Healthcare Practitioners & Technical Occupations",9,"Health Diagnosing & Treating Practitioners & Other Technical Occupations",2022,"2022","04000US06","California",22039,1212.0037128656002,"Congressional District 50, CA","50000US0650","congressional-district-50-ca",251843,18068,9806,124.75015296757088,217770,15.646324103411857,5.794064757658292
0,"Management, Business, Science, & Arts Occupations",3,"Healthcare Practitioners & Technical Occupations",10,"Health Technologists & Technicians",2022,"2022","04000US06","California",5362,629.5538102497673,"Congressional District 50, CA","50000US0650","congressional-district-50-ca",100758,21549,6103,-12.14156971980993,94633,6.472372216879947,1.409672636261344
1,"Service Occupations",4,"Service Occupations",11,"Healthcare Support Occupations",2022,"2022","04000US06","California",8762,866.665448717093,"Congressional District 50, CA","50000US0650","congressional-district-50-ca",66943,18235,11891,-26.314019005970902,42485,57.56855360715547,2.303534434711283
1,"Service Occupations",4,"Service Occupations",14,"Food Preparation & Serving Related Occupations",2022,"2022","04000US06","California",20504,1321.7643511609776,"Congressional District 50, CA","50000US0650","congressional-district-50-ca",50692,3623,19886,3.107713969626873,37853,33.91805140939952,5.390512445711041
1,"Service Occupations",4,"Service Occupations",15,"Building & Grounds Cleaning & Maintenance Occupations",2022,"2022","04000US06","California",8961,819.2923776039906,"Congressional District 50, CA","50000US0650","congressional-district-50-ca",49759,5548,16317,-45.08181651038794,47565,4.612635341112163,2.3558516399734994
1,"Service Occupations",4,"Service Occupations",16,"Personal Care & Service Occupations",2022,"2022","04000US06","California",10176,945.3771734075242,"Congressional District 50, CA","50000US0650","congressional-district-50-ca",53041,8559,10745,-5.29548627268497,50455,5.125359230997919,2.6752757826548748
1,"Service Occupations",5,"Protective Service Occupations",12,"Fire Fighting & Prevention, & Other Protective Service Workers Including Supervisors",2022,"2022","04000US06","California",3390,593.4888373002478,"Congressional District 50, CA","50000US0650","congressional-district-50-ca",126639,57501,4713,-28.071292170591978,82460,53.57627940819791,0.8912327931603798
1,"Service Occupations",5,"Protective Service Occupations",13,"Law Enforcement Workers Including Supervisors",2022,"2022","04000US06","California",1812,399.6023022956699,"Congressional District 50, CA","50000US0650","congressional-district-50-ca",208496,24215,3343,-45.79718815435238,187800,11.020234291799786,0.47637575846802604
2,"Sales & Office Occupations",6,"Sales & Office Occupations",17,"Sales & Related Occupations",2022,"2022","04000US06","California",34487,1437.2685900693718,"Congressional District 50, CA","50000US0650","congressional-district-50-ca",97495,8380,37895,-8.993270880063333,72100,35.221914008321775,9.06665054210089
2,"Sales & Office Occupations",6,"Sales & Office Occupations",18,"Office & Administrative Support Occupations",2022,"2022","04000US06","California",30336,1570.9118371188117,"Congressional District 50, CA","50000US0650","congressional-district-50-ca",89023,4560,38301,-20.795801676196444,78345,13.629459442210734,7.975350446405098
3,"Natural Resources, Construction, & Maintenance Occupations",7,"Natural Resources, Construction, & Maintenance Occupations",19,"Farming, Fishing, & Forestry Occupations",2022,"2022","04000US06","California",1044,344.70277051396033,"Congressional District 50, CA","50000US0650","congressional-district-50-ca",54940,8508,3111,-66.44165863066537,49069,11.96478428335609,0.27446815222992227
3,"Natural Resources, Construction, & Maintenance Occupations",7,"Natural Resources, Construction, & Maintenance Occupations",20,"Construction & Extraction Occupations",2022,"2022","04000US06","California",9997,943.4219628564939,"Congressional District 50, CA","50000US0650","congressional-district-50-ca",64260,10285,21362,-53.201947383203816,71475,-10.094438614900316,2.628216587971775
3,"Natural Resources, Construction, & Maintenance Occupations",7,"Natural Resources, Construction, & Maintenance Occupations",21,"Installation, Maintenance, & Repair Occupations",2022,"2022","04000US06","California",5510,691.841744909918,"Congressional District 50, CA","50000US0650","congressional-district-50-ca",109721,11666,11257,-51.052678333481396,89407,22.72081604348653,1.448581914546812
4,"Production, Transportation, & Material Moving Occupations",8,"Production, Transportation, & Material Moving Occupations",22,"Production Occupations",2022,"2022","04000US06","California",9006,1022.3306705758171,"Congressional District 50, CA","50000US0650","congressional-district-50-ca",71800,9836,15638,-42.40951528328431,73835,-2.756145459470441,2.3676821637765135
4,"Production, Transportation, & Material Moving Occupations",8,"Production, Transportation, & Material Moving Occupations",23,"Transportation Occupations",2022,"2022","04000US06","California",7685,744.5387834088967,"Congressional District 50, CA","50000US0650","congressional-district-50-ca",85151,16950,11392,-32.54037921348314,76151,11.818623524313535,2.0203905650258167
0,"Management, Business, Science, & Arts Occupations",0,"Management, Business, & Financial Occupations",0,"Management Occupations",2021,"2021","04000US06","California",39994,1699.5119887779551,"Congressional District 50, CA","50000US0650","congressional-district-50-ca",155738,8910,37995,5.2612185813922885,146415,6.367516989379503,11.53671967623108
0,"Management, Business, Science, & Arts Occupations",0,"Management, Business, & Financial Occupations",1,"Business & Financial Operations Occupations",2021,"2021","04000US06","California",19181,1225.95350645936,"Congressional District 50, CA","50000US0650","congressional-district-50-ca",147178,9063,18751,2.2932110287451337,138647,6.153036127720037,5.532975449062069
0,"Management, Business, Science, & Arts Occupations",1,"Computer, Engineering, & Science Occupations",2,"Computer & Mathematical Occupations",2021,"2021","04000US06","California",10817,971.2739057547054,"Congressional District 50, CA","50000US0650","congressional-district-50-ca",189229,16576,9848,9.839561332250204,176613,7.143302021934965,3.1202854612639794
0,"Management, Business, Science, & Arts Occupations",1,"Computer, Engineering, & Science Occupations",3,"Architecture & Engineering Occupations",2021,"2021","04000US06","California",7969,886.961667717382,"Congressional District 50, CA","50000US0650","congressional-district-50-ca",185652,18088,7378,8.010300894551369,167925,10.556498436802144,2.2987477896655872
0,"Management, Business, Science, & Arts Occupations",1,"Computer, Engineering, & Science Occupations",4,"Life, Physical, & Social Science Occupations",2021,"2021","04000US06","California",3260,373.4126403859409,"Congressional District 50, CA","50000US0650","congressional-district-50-ca",153314,25819,3027,7.697390155269243,151161,1.4243091802779817,0.9403837111695086
0,"Management, Business, Science, & Arts Occupations",2,"Education, Legal, Community Service, Arts, & Media Occupations",5,"Community & Social Service Occupations",2021,"2021","04000US06","California",5603,610.1778429277813,"Congressional District 50, CA","50000US0650","congressional-district-50-ca",96105,11954,5237,6.9887340080198594,84808,13.320677294594848,1.616248445914956
0,"Management, Business, Science, & Arts Occupations",2,"Education, Legal, Community Service, Arts, & Media Occupations",6,"Legal Occupations",2021,"2021","04000US06","California",3164,500.08999190145767,"Congressional District 50, CA","50000US0650","congressional-district-50-ca",188566,41712,2972,6.460296096904441,173771,8.514078873920274,0.9126914301043941
0,"Management, Business, Science, & Arts Occupations",2,"Education, Legal, Community Service, Arts, & Media Occupations",7,"Education Instruction, & Library Occupations",2021,"2021","04000US06","California",18206,1023.5882961425458,"Congressional District 50, CA","50000US0650","congressional-district-50-ca",105608,12195,17539,3.8029534180968128,100446,5.13907970451785,5.2517257194945
0,"Management, Business, Science, & Arts Occupations",2,"Education, Legal, Community Service, Arts, & Media Occupations",8,"Arts, Design, Entertainment, Sports, & Media Occupations",2021,"2021","04000US06","California",6147,604.6428698000167,"Congressional District 50, CA","50000US0650","congressional-district-50-ca",86148,26860,6301,-2.4440564989684175,78162,10.217241114608122,1.7731713719506037
0,"Management, Business, Science, & Arts Occupations",3,"Healthcare Practitioners & Technical Occupations",9,"Health Diagnosing & Treating Practitioners & Other Technical Occupations",2021,"2021","04000US06","California",9806,895.3971186015734,"Congressional District 50, CA","50000US0650","congressional-district-50-ca",217770,23377,9991,-1.851666499849865,190754,14.162743638403388,2.828651126296994
0,"Management, Business, Science, & Arts Occupations",3,"Healthcare Practitioners & Technical Occupations",10,"Health Technologists & Technicians",2021,"2021","04000US06","California",6103,636.5728552176885,"Congressional District 50, CA","50000US0650","congressional-district-50-ca",94633,11283,6165,-1.0056772100567721,91845,3.0355490228101694,1.7604790764624265
1,"Service Occupations",4,"Service Occupations",11,"Healthcare Support Occupations",2021,"2021","04000US06","California",11891,1075.9711892053615,"Congressional District 50, CA","50000US0650","congressional-district-50-ca",42485,5581,12040,-1.2375415282392028,41038,3.5260002924119105,3.430092855679946
1,"Service Occupations",4,"Service Occupations",14,"Food Preparation & Serving Related Occupations",2021,"2021","04000US06","California",19886,1216.1385611845387,"Congressional District 50, CA","50000US0650","congressional-district-50-ca",37853,3102,21167,-6.051873198847262,37058,2.145285768255168,5.736340638134002
1,"Service Occupations",4,"Service Occupations",15,"Building & Grounds Cleaning & Maintenance Occupations",2021,"2021","04000US06","California",16317,1043.809369568984,"Congressional District 50, CA","50000US0650","congressional-district-50-ca",47565,5201,16710,-2.3518850987432676,44132,7.7789359195141845,4.706822397286156
1,"Service Occupations",4,"Service Occupations",16,"Personal Care & Service Occupations",2021,"2021","04000US06","California",10745,882.6607502319335,"Congressional District 50, CA","50000US0650","congressional-district-50-ca",50455,6204,11214,-4.18227215980025,45005,12.109765581602044,3.0995162504651437
1,"Service Occupations",5,"Protective Service Occupations",12,"Fire Fighting & Prevention, & Other Protective Service Workers Including Supervisors",2021,"2021","04000US06","California",4713,505.59371040391704,"Congressional District 50, CA","50000US0650","congressional-district-50-ca",82460,26837,4862,-3.0645824763471823,72695,13.432835820895523,1.3595179235404582
1,"Service Occupations",5,"Protective Service Occupations",13,"Law Enforcement Workers Including Supervisors",2021,"2021","04000US06","California",3343,399.6510978340983,"Congressional District 50, CA","50000US0650","congressional-district-50-ca",187800,21874,3597,-7.0614400889630256,174117,7.858508933648064,0.9643259958403887
2,"Sales & Office Occupations",6,"Sales & Office Occupations",17,"Sales & Related Occupations",2021,"2021","04000US06","California",37895,1610.0860225466215,"Congressional District 50, CA","50000US0650","congressional-district-50-ca",72100,5691,39902,-5.029823066512957,68465,5.309282114949244,10.931239489192798
2,"Sales & Office Occupations",6,"Sales & Office Occupations",18,"Office & Administrative Support Occupations",2021,"2021","04000US06","California",38301,1934.3900847553991,"Congressional District 50, CA","50000US0650","congressional-district-50-ca",78345,4141,39716,-3.5627958505388255,73137,7.120882726937118,11.048354761197345
3,"Natural Resources, Construction, & Maintenance Occupations",7,"Natural Resources, Construction, & Maintenance Occupations",19,"Farming, Fishing, & Forestry Occupations",2021,"2021","04000US06","California",3111,650.8840142452417,"Congressional District 50, CA","50000US0650","congressional-district-50-ca",49069,6187,3737,-16.751404870216753,43575,12.608146873207113,0.8974029832663621
3,"Natural Resources, Construction, & Maintenance Occupations",7,"Natural Resources, Construction, & Maintenance Occupations",20,"Construction & Extraction Occupations",2021,"2021","04000US06","California",21362,1302.737502338825,"Congressional District 50, CA","50000US0650","congressional-district-50-ca",71475,7461,21092,1.2801062014033757,69113,3.4175914806186967,6.162109459510135
3,"Natural Resources, Construction, & Maintenance Occupations",7,"Natural Resources, Construction, & Maintenance Occupations",21,"Installation, Maintenance, & Repair Occupations",2021,"2021","04000US06","California",11257,840.1720061987307,"Congressional District 50, CA","50000US0650","congressional-district-50-ca",89407,32124,11532,-2.3846687478321194,84380,5.957572884569803,3.247208416145754
4,"Production, Transportation, & Material Moving Occupations",8,"Production, Transportation, & Material Moving Occupations",22,"Production Occupations",2021,"2021","04000US06","California",15638,1020.3773811683596,"Congressional District 50, CA","50000US0650","congressional-district-50-ca",73835,5252,15602,0.2307396487629791,64950,13.679753656658969,4.510957201002691
4,"Production, Transportation, & Material Moving Occupations",8,"Production, Transportation, & Material Moving Occupations",23,"Transportation Occupations",2021,"2021","04000US06","California",11392,1029.416339485633,"Congressional District 50, CA","50000US0650","congressional-district-50-ca",76151,6083,11675,-2.4239828693790146,71958,5.827010200394675,3.2861506863935706
0,"Management, Business, Science, & Arts Occupations",0,"Management, Business, & Financial Occupations",0,"Management Occupations",2020,"2020","04000US06","California",37995,1683.8399567654878,"Congressional District 50, CA","50000US0650","congressional-district-50-ca",146415,10412,35837,6.021709406479337,146337,0.053301625699583834,10.906444834831731
0,"Management, Business, Science, & Arts Occupations",0,"Management, Business, & Financial Occupations",1,"Business & Financial Operations Occupations",2020,"2020","04000US06","California",18751,1097.6493064727001,"Congressional District 50, CA","50000US0650","congressional-district-50-ca",138647,9039,17326,8.224633498787949,132520,4.6234530636885,5.382464721619418
0,"Management, Business, Science, & Arts Occupations",1,"Computer, Engineering, & Science Occupations",2,"Computer & Mathematical Occupations",2020,"2020","04000US06","California",9848,773.7919617054704,"Congressional District 50, CA","50000US0650","congressional-district-50-ca",176613,17153,9306,5.824199441220718,161985,9.030465783868877,2.826863238147727
0,"Management, Business, Science, & Arts Occupations",1,"Computer, Engineering, & Science Occupations",3,"Architecture & Engineering Occupations",2020,"2020","04000US06","California",7378,821.0054811022883,"Congressional District 50, CA","50000US0650","congressional-district-50-ca",167925,16058,7046,4.711893272778882,156621,7.217422950945275,2.117851032804014
0,"Management, Business, Science, & Arts Occupations",1,"Computer, Engineering, & Science Occupations",4,"Life, Physical, & Social Science Occupations",2020,"2020","04000US06","California",3027,407.5904807524337,"Congressional District 50, CA","50000US0650","congressional-district-50-ca",151161,44569,3069,-1.3685239491691104,157751,-4.177469556452891,0.868898763390858
0,"Management, Business, Science, & Arts Occupations",2,"Education, Legal, Community Service, Arts, & Media Occupations",5,"Community & Social Service Occupations",2020,"2020","04000US06","California",5237,640.4404734243457,"Congressional District 50, CA","50000US0650","congressional-district-50-ca",84808,12531,5208,0.5568356374807988,87605,-3.192740140402945,1.5032781050141804
0,"Management, Business, Science, & Arts Occupations",2,"Education, Legal, Community Service, Arts, & Media Occupations",6,"Legal Occupations",2020,"2020","04000US06","California",2972,391.7958652155482,"Congressional District 50, CA","50000US0650","congressional-district-50-ca",173771,33908,3089,-3.7876335383619293,189576,-8.337025783854497,0.853111042219237
0,"Management, Business, Science, & Arts Occupations",2,"Education, Legal, Community Service, Arts, & Media Occupations",7,"Education Instruction, & Library Occupations",2020,"2020","04000US06","California",17539,1132.6217373863171,"Congressional District 50, CA","50000US0650","congressional-district-50-ca",100446,11363,18093,-3.061957663184657,99154,1.3030235794824212,5.034560756892057
0,"Management, Business, Science, & Arts Occupations",2,"Education, Legal, Community Service, Arts, & Media Occupations",8,"Arts, Design, Entertainment, Sports, & Media Occupations",2020,"2020","04000US06","California",6301,550.8720359575353,"Congressional District 50, CA","50000US0650","congressional-district-50-ca",78162,22743,6687,-5.772394197697024,75663,3.302803219539273,1.8086987473160874
0,"Management, Business, Science, & Arts Occupations",3,"Healthcare Practitioners & Technical Occupations",9,"Health Diagnosing & Treating Practitioners & Other Technical Occupations",2020,"2020","04000US06","California",9991,950.0068420806243,"Congressional District 50, CA","50000US0650","congressional-district-50-ca",190754,19717,10250,-2.526829268292683,184043,3.6464304537526555,2.867911313193942
0,"Management, Business, Science, & Arts Occupations",3,"Healthcare Practitioners & Technical Occupations",10,"Health Technologists & Technicians",2020,"2020","04000US06","California",6165,693.0771962775864,"Congressional District 50, CA","50000US0650","congressional-district-50-ca",91845,18113,5722,7.742048234882907,86280,6.449930458970793,1.769660018600806
1,"Service Occupations",4,"Service Occupations",11,"Healthcare Support Occupations",2020,"2020","04000US06","California",12040,1018.8002748330999,"Congressional District 50, CA","50000US0650","congressional-district-50-ca",41038,8632,11661,3.2501500728925476,44637,-8.06281784170083,3.4560756892057913
1,"Service Occupations",4,"Service Occupations",14,"Food Preparation & Serving Related Occupations",2020,"2020","04000US06","California",21167,1330.750915836619,"Congressional District 50, CA","50000US0650","congressional-district-50-ca",37058,3005,21969,-3.650598570713278,34986,5.922368947579031,6.075976255267357
1,"Service Occupations",4,"Service Occupations",15,"Building & Grounds Cleaning & Maintenance Occupations",2020,"2020","04000US06","California",16710,1111.5835551140542,"Congressional District 50, CA","50000US0650","congressional-district-50-ca",44132,2564,18038,-7.36223528107329,43020,2.584844258484426,4.79659674141435
1,"Service Occupations",4,"Service Occupations",16,"Personal Care & Service Occupations",2020,"2020","04000US06","California",11214,866.4438816218856,"Congressional District 50, CA","50000US0650","congressional-district-50-ca",45005,6433,12047,-6.914584543869844,43189,4.204774363842645,3.2189728221556266
1,"Service Occupations",5,"Protective Service Occupations",12,"Fire Fighting & Prevention, & Other Protective Service Workers Including Supervisors",2020,"2020","04000US06","California",4862,583.013721965444,"Congressional District 50, CA","50000US0650","congressional-district-50-ca",72695,20730,4976,-2.2909967845659165,61016,19.14088108037236,1.395634551571309
1,"Service Occupations",5,"Protective Service Occupations",13,"Law Enforcement Workers Including Supervisors",2020,"2020","04000US06","California",3597,429.47060434912197,"Congressional District 50, CA","50000US0650","congressional-district-50-ca",174117,27034,3807,-5.516154452324665,178985,-2.7197809872335674,1.0325169646240226
2,"Sales & Office Occupations",6,"Sales & Office Occupations",17,"Sales & Related Occupations",2020,"2020","04000US06","California",39902,1661.664226009575,"Congressional District 50, CA","50000US0650","congressional-district-50-ca",68465,5615,40329,-1.058791440402688,66335,3.2109745986281752,11.453848185273213
2,"Sales & Office Occupations",6,"Sales & Office Occupations",18,"Office & Administrative Support Occupations",2020,"2020","04000US06","California",39716,1599.2463850201443,"Congressional District 50, CA","50000US0650","congressional-district-50-ca",73137,6003,40040,-0.8091908091908092,68096,7.402784304511279,11.40045698276555
3,"Natural Resources, Construction, & Maintenance Occupations",7,"Natural Resources, Construction, & Maintenance Occupations",19,"Farming, Fishing, & Forestry Occupations",2020,"2020","04000US06","California",3737,729.8547800761464,"Congressional District 50, CA","50000US0650","congressional-district-50-ca",43575,3841,3592,4.03674832962138,41715,4.458827759798634,1.0727038912426945
3,"Natural Resources, Construction, & Maintenance Occupations",7,"Natural Resources, Construction, & Maintenance Occupations",20,"Construction & Extraction Occupations",2020,"2020","04000US06","California",21092,1216.7140173434348,"Congressional District 50, CA","50000US0650","congressional-district-50-ca",69113,4539,22528,-6.3742897727272725,67785,1.9591355019547099,6.0544475445787835
3,"Natural Resources, Construction, & Maintenance Occupations",7,"Natural Resources, Construction, & Maintenance Occupations",21,"Installation, Maintenance, & Repair Occupations",2020,"2020","04000US06","California",11532,871.9592880404451,"Congressional District 50, CA","50000US0650","congressional-district-50-ca",84380,15390,12861,-10.33356659668766,81230,3.8778776314169643,3.310254555475182
4,"Production, Transportation, & Material Moving Occupations",8,"Production, Transportation, & Material Moving Occupations",22,"Production Occupations",2020,"2020","04000US06","California",15602,1047.1470765847557,"Congressional District 50, CA","50000US0650","congressional-district-50-ca",64950,4569,16623,-6.142092281778258,64639,0.481133680904717,4.4785459221751465
4,"Production, Transportation, & Material Moving Occupations",8,"Production, Transportation, & Material Moving Occupations",23,"Transportation Occupations",2020,"2020","04000US06","California",11675,992.0912256440937,"Congressional District 50, CA","50000US0650","congressional-district-50-ca",71958,4132,11441,2.0452757626081635,67756,6.201664797213531,3.3513026305213964
0,"Management, Business, Science, & Arts Occupations",0,"Management, Business, & Financial Occupations",0,"Management Occupations",2019,"2019","04000US06","California",35837,1399.9035681074606,"Congressional District 50, CA","50000US0650","congressional-district-50-ca",146337,7440,35498,0.9549833793453153,144213,1.4728214516028375,10.17573350067153
0,"Management, Business, Science, & Arts Occupations",0,"Management, Business, & Financial Occupations",1,"Business & Financial Operations Occupations",2019,"2019","04000US06","California",17326,864.5999074716582,"Congressional District 50, CA","50000US0650","congressional-district-50-ca",132520,6864,17418,-0.5281892295326673,125120,5.914322250639386,4.919629395112173
0,"Management, Business, Science, & Arts Occupations",1,"Computer, Engineering, & Science Occupations",2,"Computer & Mathematical Occupations",2019,"2019","04000US06","California",9306,807.7091060524203,"Congressional District 50, CA","50000US0650","congressional-district-50-ca",161985,19227,8808,5.653950953678474,155419,4.224708690700623,2.642391270397892
0,"Management, Business, Science, & Arts Occupations",1,"Computer, Engineering, & Science Occupations",3,"Architecture & Engineering Occupations",2019,"2019","04000US06","California",7046,577.1178389202676,"Congressional District 50, CA","50000US0650","congressional-district-50-ca",156621,11929,7753,-9.119050690055461,158720,-1.322454637096774,2.000675788869928
0,"Management, Business, Science, & Arts Occupations",1,"Computer, Engineering, & Science Occupations",4,"Life, Physical, & Social Science Occupations",2019,"2019","04000US06","California",3069,397.9359244903631,"Congressional District 50, CA","50000US0650","congressional-district-50-ca",157751,29105,2875,6.747826086956523,144146,9.438347231279396,0.8714269083227091
0,"Management, Business, Science, & Arts Occupations",2,"Education, Legal, Community Service, Arts, & Media Occupations",5,"Community & Social Service Occupations",2019,"2019","04000US06","California",5208,571.591637447575,"Congressional District 50, CA","50000US0650","congressional-district-50-ca",87605,7680,4729,10.128991330090928,87041,0.6479704966624924,1.4787850565476275
0,"Management, Business, Science, & Arts Occupations",2,"Education, Legal, Community Service, Arts, & Media Occupations",6,"Legal Occupations",2019,"2019","04000US06","California",3089,438.9897493108467,"Congressional District 50, CA","50000US0650","congressional-district-50-ca",189576,41805,2826,9.306440198159944,146875,29.073021276595746,0.8771058063893283
0,"Management, Business, Science, & Arts Occupations",2,"Education, Legal, Community Service, Arts, & Media Occupations",7,"Education Instruction, & Library Occupations",2019,"2019","04000US06","California",18093,946.0708218732888,"Congressional District 50, CA","50000US0650","congressional-district-50-ca",99154,7518,17753,1.9151692671661127,92219,7.520142270031122,5.137415135967017
0,"Management, Business, Science, & Arts Occupations",2,"Education, Legal, Community Service, Arts, & Media Occupations",8,"Arts, Design, Entertainment, Sports, & Media Occupations",2019,"2019","04000US06","California",6687,588.3196410115847,"Congressional District 50, CA","50000US0650","congressional-district-50-ca",75663,15351,6871,-2.6779216998981226,71073,6.458148664049639,1.8987395685741137
0,"Management, Business, Science, & Arts Occupations",3,"Healthcare Practitioners & Technical Occupations",9,"Health Diagnosing & Treating Practitioners & Other Technical Occupations",2019,"2019","04000US06","California",10250,710.2520679308158,"Congressional District 50, CA","50000US0650","congressional-district-50-ca",184043,16091,9761,5.009732609363795,178065,3.357201022098672,2.910435259142316
0,"Management, Business, Science, & Arts Occupations",3,"Healthcare Practitioners & Technical Occupations",10,"Health Technologists & Technicians",2019,"2019","04000US06","California",5722,549.8672567083804,"Congressional District 50, CA","50000US0650","congressional-district-50-ca",86280,16599,5550,3.099099099099099,82917,4.05586309200767,1.6247327368597397
1,"Service Occupations",4,"Service Occupations",11,"Healthcare Support Occupations",2019,"2019","04000US06","California",11661,880.0005681816348,"Congressional District 50, CA","50000US0650","congressional-district-50-ca",44637,4089,11459,1.7628065276202112,42261,5.622204869738057,3.311081517742297
1,"Service Occupations",4,"Service Occupations",14,"Food Preparation & Serving Related Occupations",2019,"2019","04000US06","California",21969,1246.384370890457,"Congressional District 50, CA","50000US0650","congressional-district-50-ca",34986,2879,21086,4.187612633975149,33168,5.481186685962373,6.237985581277808
1,"Service Occupations",4,"Service Occupations",15,"Building & Grounds Cleaning & Maintenance Occupations",2019,"2019","04000US06","California",18038,1010.9861522295942,"Congressional District 50, CA","50000US0650","congressional-district-50-ca",43020,2036,18520,-2.6025917926565874,40461,6.324608882627715,5.121798166283814
1,"Service Occupations",4,"Service Occupations",16,"Personal Care & Service Occupations",2019,"2019","04000US06","California",12047,923.0005417116502,"Congressional District 50, CA","50000US0650","congressional-district-50-ca",43189,5937,12388,-2.752663868259606,41047,5.218408166248447,3.4206842504280472
1,"Service Occupations",5,"Protective Service Occupations",12,"Fire Fighting & Prevention, & Other Protective Service Workers Including Supervisors",2019,"2019","04000US06","California",4976,499.4176608811507,"Congressional District 50, CA","50000US0650","congressional-district-50-ca",61016,8175,4537,9.67599735508045,61544,-0.8579227869491746,1.4129098389748453
1,"Service Occupations",5,"Protective Service Occupations",13,"Law Enforcement Workers Including Supervisors",2019,"2019","04000US06","California",3807,441.3717254197419,"Congressional District 50, CA","50000US0650","congressional-district-50-ca",178985,32931,4265,-10.738569753810081,171543,4.3382708708603674,1.080978246980956
2,"Sales & Office Occupations",6,"Sales & Office Occupations",17,"Sales & Related Occupations",2019,"2019","04000US06","California",40329,1593.2181269367982,"Congressional District 50, CA","50000US0650","congressional-district-50-ca",66335,4175,40098,0.5760885829717193,64478,2.880052110797481,11.451214006434192
2,"Sales & Office Occupations",6,"Sales & Office Occupations",18,"Office & Administrative Support Occupations",2019,"2019","04000US06","California",40040,1589.8188576061111,"Congressional District 50, CA","50000US0650","congressional-district-50-ca",68096,3468,40273,-0.5785513867851911,68925,-1.2027566195139645,11.369153929371546
3,"Natural Resources, Construction, & Maintenance Occupations",7,"Natural Resources, Construction, & Maintenance Occupations",19,"Farming, Fishing, & Forestry Occupations",2019,"2019","04000US06","California",3592,520.612139697107,"Congressional District 50, CA","50000US0650","congressional-district-50-ca",41715,8101,4180,-14.066985645933014,41203,1.242627963983205,1.0199300927648
3,"Natural Resources, Construction, & Maintenance Occupations",7,"Natural Resources, Construction, & Maintenance Occupations",20,"Construction & Extraction Occupations",2019,"2019","04000US06","California",22528,1247.1796181785528,"Congressional District 50, CA","50000US0650","congressional-district-50-ca",67785,8786,22310,0.9771402958314657,62892,7.780003816065636,6.396710782239815
3,"Natural Resources, Construction, & Maintenance Occupations",7,"Natural Resources, Construction, & Maintenance Occupations",21,"Installation, Maintenance, & Repair Occupations",2019,"2019","04000US06","California",12861,868.5217326008601,"Congressional District 50, CA","50000US0650","congressional-district-50-ca",81230,22236,11842,8.604965377470023,79891,1.6760335957742425,3.6518154017394466
4,"Production, Transportation, & Material Moving Occupations",8,"Production, Transportation, & Material Moving Occupations",22,"Production Occupations",2019,"2019","04000US06","California",16623,1092.5831776116636,"Congressional District 50, CA","50000US0650","congressional-district-50-ca",64639,4357,16124,3.0947655668568594,61903,4.419818102515225,4.720016128070509
4,"Production, Transportation, & Material Moving Occupations",8,"Production, Transportation, & Material Moving Occupations",23,"Transportation Occupations",2019,"2019","04000US06","California",11441,801.9233130418394,"Congressional District 50, CA","50000US0650","congressional-district-50-ca",67756,9966,11398,0.377259168275136,63329,6.990478295883403,3.2486136390094864
0,"Management, Business, Science, & Arts Occupations",0,"Management, Business, & Financial Occupations",0,"Management Occupations",2018,"2018","04000US06","California",35498,1375.515176215806,"Congressional District 50, CA","50000US0650","congressional-district-50-ca",144213,5854,35635,-0.38445348674056407,143133,0.7545429775104273,10.190676871314643
0,"Management, Business, Science, & Arts Occupations",0,"Management, Business, & Financial Occupations",1,"Business & Financial Operations Occupations",2018,"2018","04000US06","California",17418,896.8087867544563,"Congressional District 50, CA","50000US0650","congressional-district-50-ca",125120,6355,15860,9.823455233291298,113159,10.570082803842382,5.000315785243068
0,"Management, Business, Science, & Arts Occupations",1,"Computer, Engineering, & Science Occupations",2,"Computer & Mathematical Occupations",2018,"2018","04000US06","California",8808,575.1495457704891,"Congressional District 50, CA","50000US0650","congressional-district-50-ca",155419,9378,8195,7.480170835875534,152960,1.6076098326359831,2.5285785644977006
0,"Management, Business, Science, & Arts Occupations",1,"Computer, Engineering, & Science Occupations",3,"Architecture & Engineering Occupations",2018,"2018","04000US06","California",7753,560.290103428572,"Congressional District 50, CA","50000US0650","congressional-district-50-ca",158720,18510,8122,-4.543215956660921,159542,-0.5152248310789636,2.225711808645626
0,"Management, Business, Science, & Arts Occupations",1,"Computer, Engineering, & Science Occupations",4,"Life, Physical, & Social Science Occupations",2018,"2018","04000US06","California",2875,383.40187792967316,"Congressional District 50, CA","50000US0650","congressional-district-50-ca",144146,30510,2458,16.96501220504475,143596,0.38301902559959883,0.8253477943836159
0,"Management, Business, Science, & Arts Occupations",2,"Education, Legal, Community Service, Arts, & Media Occupations",5,"Community & Social Service Occupations",2018,"2018","04000US06","California",4729,560.2008568361887,"Congressional District 50, CA","50000US0650","congressional-district-50-ca",87041,7691,4409,7.257881605806306,84826,2.6112276896234645,1.3575894677009113
0,"Management, Business, Science, & Arts Occupations",2,"Education, Legal, Community Service, Arts, & Media Occupations",6,"Legal Occupations",2018,"2018","04000US06","California",2826,382.89032372208106,"Congressional District 50, CA","50000US0650","congressional-district-50-ca",146875,54915,2703,4.550499445061043,125912,16.648929411017217,0.8112809971923821
0,"Management, Business, Science, & Arts Occupations",2,"Education, Legal, Community Service, Arts, & Media Occupations",7,"Education Instruction, & Library Occupations",2018,"2018","04000US06","California",17753,903.1157179453804,"Congressional District 50, CA","50000US0650","congressional-district-50-ca",92219,7572,18161,-2.2465723253124827,89649,2.8667358252741244,5.096486745632116
0,"Management, Business, Science, & Arts Occupations",2,"Education, Legal, Community Service, Arts, & Media Occupations",8,"Arts, Design, Entertainment, Sports, & Media Occupations",2018,"2018","04000US06","California",6871,610.2827213677281,"Congressional District 50, CA","50000US0650","congressional-district-50-ca",71073,15699,6420,7.024922118380063,64951,9.425566965866576,1.9725094592034174
0,"Management, Business, Science, & Arts Occupations",3,"Healthcare Practitioners & Technical Occupations",9,"Health Diagnosing & Treating Practitioners & Other Technical Occupations",2018,"2018","04000US06","California",9761,676.7348077349059,"Congressional District 50, CA","50000US0650","congressional-district-50-ca",178065,14266,9928,-1.6821112006446415,157803,12.84006007490352,2.802163415992513
0,"Management, Business, Science, & Arts Occupations",3,"Healthcare Practitioners & Technical Occupations",10,"Health Technologists & Technicians",2018,"2018","04000US06","California",5550,558.0725759253899,"Congressional District 50, CA","50000US0650","congressional-district-50-ca",82917,19133,5064,9.597156398104266,79090,4.838791250474143,1.5932800900275021
1,"Service Occupations",4,"Service Occupations",11,"Healthcare Support Occupations",2018,"2018","04000US06","California",11459,992.116928592593,"Congressional District 50, CA","50000US0650","congressional-district-50-ca",42261,4111,6170,85.72123176661263,48200,-12.321576763485478,3.2896210002928186
1,"Service Occupations",4,"Service Occupations",14,"Food Preparation & Serving Related Occupations",2018,"2018","04000US06","California",21086,1087.1508634959548,"Congressional District 50, CA","50000US0650","congressional-district-50-ca",33168,2927,20656,2.081719597211464,31724,4.551758920690959,6.053316032129713
1,"Service Occupations",4,"Service Occupations",15,"Building & Grounds Cleaning & Maintenance Occupations",2018,"2018","04000US06","California",18520,1091.5282863948144,"Congressional District 50, CA","50000US0650","congressional-district-50-ca",40461,1996,18791,-1.4421797669096907,39330,2.875667429443173,5.31667518329898
1,"Service Occupations",4,"Service Occupations",16,"Personal Care & Service Occupations",2018,"2018","04000US06","California",12388,931.9983905565502,"Congressional District 50, CA","50000US0650","congressional-district-50-ca",41047,6212,17053,-27.355890459156747,37387,9.789499023724824,3.556315991938864
1,"Service Occupations",5,"Protective Service Occupations",12,"Fire Fighting & Prevention, & Other Protective Service Workers Including Supervisors",2018,"2018","04000US06","California",4537,480.75981529241807,"Congressional District 50, CA","50000US0650","congressional-district-50-ca",61544,10400,4529,0.17663943475380878,60438,1.8299745193421357,1.3024705889107706
1,"Service Occupations",5,"Protective Service Occupations",13,"Law Enforcement Workers Including Supervisors",2018,"2018","04000US06","California",4265,462.3905275846381,"Congressional District 50, CA","50000US0650","congressional-district-50-ca",171543,23320,4013,6.279591328183404,167676,2.3062334502254345,1.224385510624738
2,"Sales & Office Occupations",6,"Sales & Office Occupations",17,"Sales & Related Occupations",2018,"2018","04000US06","California",40098,1630.2800372942065,"Congressional District 50, CA","50000US0650","congressional-district-50-ca",64478,3109,39532,1.431751492461803,62603,2.995064134306663,11.511233342328428
2,"Sales & Office Occupations",6,"Sales & Office Occupations",18,"Office & Administrative Support Occupations",2018,"2018","04000US06","California",40273,1396.4275849466737,"Congressional District 50, CA","50000US0650","congressional-district-50-ca",68925,4226,45126,-10.75433231396534,62528,10.23061668372569,11.56147190372569
3,"Natural Resources, Construction, & Maintenance Occupations",7,"Natural Resources, Construction, & Maintenance Occupations",19,"Farming, Fishing, & Forestry Occupations",2018,"2018","04000US06","California",4180,608.2146002851296,"Congressional District 50, CA","50000US0650","congressional-district-50-ca",41203,6282,4183,-0.07171886206072196,40187,2.5281807549705126,1.199983923660353
3,"Natural Resources, Construction, & Maintenance Occupations",7,"Natural Resources, Construction, & Maintenance Occupations",20,"Construction & Extraction Occupations",2018,"2018","04000US06","California",22310,1241.3097921147646,"Congressional District 50, CA","50000US0650","congressional-district-50-ca",62892,9680,21756,2.5464239749954034,62491,0.6416924037061337,6.4046988844168595
3,"Natural Resources, Construction, & Maintenance Occupations",7,"Natural Resources, Construction, & Maintenance Occupations",21,"Installation, Maintenance, & Repair Occupations",2018,"2018","04000US06","California",11842,859.1274643497319,"Congressional District 50, CA","50000US0650","congressional-district-50-ca",79891,10237,11529,2.714892878827305,77099,3.621318045629645,3.399571680379401
4,"Production, Transportation, & Material Moving Occupations",8,"Production, Transportation, & Material Moving Occupations",22,"Production Occupations",2018,"2018","04000US06","California",16124,990.2489585957666,"Congressional District 50, CA","50000US0650","congressional-district-50-ca",61903,5006,15444,4.403004403004402,59379,4.250661008100507,4.628837508397017
4,"Production, Transportation, & Material Moving Occupations",8,"Production, Transportation, & Material Moving Occupations",23,"Transportation Occupations",2018,"2018","04000US06","California",11398,717.7220910631079,"Congressional District 50, CA","50000US0650","congressional-district-50-ca",63329,6632,11183,1.9225610301350264,61704,2.6335407753144042,3.2721092731772012
0,"Management, Business, Science, & Arts Occupations",0,"Management, Business, & Financial Occupations",0,"Management Occupations",2017,"2017","04000US06","California",35635,1476.3634376399327,"Congressional District 50, CA","50000US0650","congressional-district-50-ca",143133,7304,33639,5.933588988971135,136502,4.8578042812559525,10.382492963737757
0,"Management, Business, Science, & Arts Occupations",0,"Management, Business, & Financial Occupations",1,"Business & Financial Operations Occupations",2017,"2017","04000US06","California",15860,794.913831808203,"Congressional District 50, CA","50000US0650","congressional-district-50-ca",113159,9429,15363,3.235045238560177,110595,2.3183688231836883,4.620915908653874
0,"Management, Business, Science, & Arts Occupations",1,"Computer, Engineering, & Science Occupations",2,"Computer & Mathematical Occupations",2017,"2017","04000US06","California",8195,682.1326850400881,"Congressional District 50, CA","50000US0650","congressional-district-50-ca",152960,12765,8174,0.25691216050893073,146343,4.52156919019017,2.387667457214281
0,"Management, Business, Science, & Arts Occupations",1,"Computer, Engineering, & Science Occupations",3,"Architecture & Engineering Occupations",2017,"2017","04000US06","California",8122,652.705140166676,"Congressional District 50, CA","50000US0650","congressional-district-50-ca",159542,25388,7804,4.07483341875961,148745,7.258731385928939,2.3663984243434277
0,"Management, Business, Science, & Arts Occupations",1,"Computer, Engineering, & Science Occupations",4,"Life, Physical, & Social Science Occupations",2017,"2017","04000US06","California",2458,348.24416721604973,"Congressional District 50, CA","50000US0650","congressional-district-50-ca",143596,22122,2091,17.55141080822573,141033,1.817305169712053,0.7161545588569497
0,"Management, Business, Science, & Arts Occupations",2,"Education, Legal, Community Service, Arts, & Media Occupations",5,"Community & Social Service Occupations",2017,"2017","04000US06","California",4409,470.3381762094164,"Congressional District 50, CA","50000US0650","congressional-district-50-ca",84826,5018,4500,-2.022222222222222,83769,1.2618032923873987,1.2845913140766034
0,"Management, Business, Science, & Arts Occupations",2,"Education, Legal, Community Service, Arts, & Media Occupations",6,"Legal Occupations",2017,"2017","04000US06","California",2703,363.91757308489514,"Congressional District 50, CA","50000US0650","congressional-district-50-ca",125912,27777,2495,8.336673346693386,136891,-8.020249687707738,0.7875369294509093
0,"Management, Business, Science, & Arts Occupations",2,"Education, Legal, Community Service, Arts, & Media Occupations",7,"Education Instruction, & Library Occupations",2017,"2017","04000US06","California",18161,970.7110795700233,"Congressional District 50, CA","50000US0650","congressional-district-50-ca",89649,8190,17358,4.6261089987325725,91611,-2.141664210629728,5.291327479007756
0,"Management, Business, Science, & Arts Occupations",2,"Education, Legal, Community Service, Arts, & Media Occupations",8,"Arts, Design, Entertainment, Sports, & Media Occupations",2017,"2017","04000US06","California",6420,593.6303563666535,"Congressional District 50, CA","50000US0650","congressional-district-50-ca",64951,13437,6292,2.0343293070565798,58043,11.90152128594318,1.8705094661764108
0,"Management, Business, Science, & Arts Occupations",3,"Healthcare Practitioners & Technical Occupations",9,"Health Diagnosing & Treating Practitioners & Other Technical Occupations",2017,"2017","04000US06","California",9928,638.1222453417527,"Congressional District 50, CA","50000US0650","congressional-district-50-ca",157803,12891,9595,3.4705575820739973,144728,9.034188270410702,2.8925884704360443
0,"Management, Business, Science, & Arts Occupations",3,"Healthcare Practitioners & Technical Occupations",10,"Health Technologists & Technicians",2017,"2017","04000US06","California",5064,511.0626184725312,"Congressional District 50, CA","50000US0650","congressional-district-50-ca",79090,12171,4752,6.565656565656567,74277,6.479798591757879,1.4754298966849444
1,"Service Occupations",4,"Service Occupations",11,"Healthcare Support Occupations",2017,"2017","04000US06","California",6170,544.0082719959321,"Congressional District 50, CA","50000US0650","congressional-district-50-ca",48200,4960,6169,0.016210082671421624,46981,2.59466592877972,1.797670312509105
1,"Service Occupations",4,"Service Occupations",14,"Food Preparation & Serving Related Occupations",2017,"2017","04000US06","California",20656,1243.1850224323007,"Congressional District 50, CA","50000US0650","congressional-district-50-ca",31724,2912,18991,8.767310831446474,28868,9.893307468477207,6.0182622326074675
1,"Service Occupations",4,"Service Occupations",15,"Building & Grounds Cleaning & Maintenance Occupations",2017,"2017","04000US06","California",18791,1148.377115759453,"Congressional District 50, CA","50000US0650","congressional-district-50-ca",39330,1860,18557,1.2609796842161987,37501,4.877203274579345,5.474882146249366
1,"Service Occupations",4,"Service Occupations",16,"Personal Care & Service Occupations",2017,"2017","04000US06","California",17053,965.0699456516093,"Congressional District 50, CA","50000US0650","congressional-district-50-ca",37387,4305,16636,2.5066121663861503,36458,2.548137582972187,4.968504349954257
1,"Service Occupations",5,"Protective Service Occupations",12,"Fire Fighting & Prevention, & Other Protective Service Workers Including Supervisors",2017,"2017","04000US06","California",4529,502.841923470985,"Congressional District 50, CA","50000US0650","congressional-district-50-ca",60438,9749,4675,-3.122994652406417,58625,3.0925373134328358,1.3195541078369102
1,"Service Occupations",5,"Protective Service Occupations",13,"Law Enforcement Workers Including Supervisors",2017,"2017","04000US06","California",4013,478.919617472494,"Congressional District 50, CA","50000US0650","congressional-district-50-ca",167676,20314,3778,6.220222339862361,165154,1.5270595928648414,1.1692140946675913
2,"Sales & Office Occupations",6,"Sales & Office Occupations",17,"Sales & Related Occupations",2017,"2017","04000US06","California",39532,1586.0725078003213,"Congressional District 50, CA","50000US0650","congressional-district-50-ca",62603,3597,37758,4.69834207320303,61755,1.3731681645210914,11.517909691103718
2,"Sales & Office Occupations",6,"Sales & Office Occupations",18,"Office & Administrative Support Occupations",2017,"2017","04000US06","California",45126,1548.2557928197782,"Congressional District 50, CA","50000US0650","congressional-district-50-ca",62528,3526,44322,1.8139975632868552,61943,0.9444166411055326,13.14775859356335
3,"Natural Resources, Construction, & Maintenance Occupations",7,"Natural Resources, Construction, & Maintenance Occupations",19,"Farming, Fishing, & Forestry Occupations",2017,"2017","04000US06","California",4183,601.1871588781651,"Congressional District 50, CA","50000US0650","congressional-district-50-ca",40187,4997,4340,-3.6175115207373274,37687,6.633587178602701,1.2187447191613592
3,"Natural Resources, Construction, & Maintenance Occupations",7,"Natural Resources, Construction, & Maintenance Occupations",20,"Construction & Extraction Occupations",2017,"2017","04000US06","California",21756,1230.479987647097,"Congressional District 50, CA","50000US0650","congressional-district-50-ca",62491,7987,20730,4.949348769898697,56849,9.924536931168534,6.3387545087436115
3,"Natural Resources, Construction, & Maintenance Occupations",7,"Natural Resources, Construction, & Maintenance Occupations",21,"Installation, Maintenance, & Repair Occupations",2017,"2017","04000US06","California",11529,786.4260931581557,"Congressional District 50, CA","50000US0650","congressional-district-50-ca",77099,8501,11179,3.1308703819661865,75585,2.003042931798637,3.35905041052147
4,"Production, Transportation, & Material Moving Occupations",8,"Production, Transportation, & Material Moving Occupations",22,"Production Occupations",2017,"2017","04000US06","California",15444,903.483259391119,"Congressional District 50, CA","50000US0650","congressional-district-50-ca",59379,4059,15132,2.0618556701030926,58014,2.352880339228462,4.499711556951477
4,"Production, Transportation, & Material Moving Occupations",8,"Production, Transportation, & Material Moving Occupations",23,"Transportation Occupations",2017,"2017","04000US06","California",11183,781.0160049576449,"Congressional District 50, CA","50000US0650","congressional-district-50-ca",61704,6671,10131,10.383969993090513,58832,4.881697035626869,3.258241021845919
0,"Management, Business, Science, & Arts Occupations",0,"Management, Business, & Financial Occupations",0,"Management Occupations",2016,"2016","04000US06","California",33639,1294.2043888041796,"Congressional District 50, CA","50000US0650","congressional-district-50-ca",136502,8269,32640,3.0606617647058822,135898,0.44445098529779686,10.167263099354402
0,"Management, Business, Science, & Arts Occupations",0,"Management, Business, & Financial Occupations",1,"Business & Financial Operations Occupations",2016,"2016","04000US06","California",15363,893.1231717965893,"Congressional District 50, CA","50000US0650","congressional-district-50-ca",110595,8567,14371,6.902790341660288,107839,2.5556616808390284,4.643409821795585
0,"Management, Business, Science, & Arts Occupations",1,"Computer, Engineering, & Science Occupations",2,"Computer & Mathematical Occupations",2016,"2016","04000US06","California",8174,633.2211304118017,"Congressional District 50, CA","50000US0650","congressional-district-50-ca",146343,12743,8282,-1.3040328423086212,141730,3.2547802159034784,2.470561210919554
0,"Management, Business, Science, & Arts Occupations",1,"Computer, Engineering, & Science Occupations",3,"Architecture & Engineering Occupations",2016,"2016","04000US06","California",7804,652.1633231024265,"Congressional District 50, CA","50000US0650","congressional-district-50-ca",148745,23397,7445,4.822028206850235,148085,0.4456899753519938,2.358730081969195
0,"Management, Business, Science, & Arts Occupations",1,"Computer, Engineering, & Science Occupations",4,"Life, Physical, & Social Science Occupations",2016,"2016","04000US06","California",2091,291.67104758614624,"Congressional District 50, CA","50000US0650","congressional-district-50-ca",141033,31106,2107,-0.7593735168485999,130910,7.732793522267206,0.631997001716759
0,"Management, Business, Science, & Arts Occupations",2,"Education, Legal, Community Service, Arts, & Media Occupations",5,"Community & Social Service Occupations",2016,"2016","04000US06","California",4500,536.9729974589039,"Congressional District 50, CA","50000US0650","congressional-district-50-ca",83769,6494,4485,0.33444816053511706,82629,1.3796608938750317,1.3601083250719346
0,"Management, Business, Science, & Arts Occupations",2,"Education, Legal, Community Service, Arts, & Media Occupations",6,"Legal Occupations",2016,"2016","04000US06","California",2495,345.7007376329996,"Congressional District 50, CA","50000US0650","congressional-district-50-ca",136891,25117,2221,12.336785231877533,154394,-11.336580437063617,0.7541045046787727
0,"Management, Business, Science, & Arts Occupations",2,"Education, Legal, Community Service, Arts, & Media Occupations",7,"Education Instruction, & Library Occupations",2016,"2016","04000US06","California",17358,876.3583741826171,"Congressional District 50, CA","50000US0650","congressional-district-50-ca",91611,9367,16830,3.1372549019607843,92596,-1.0637608536005876,5.246391179244143
0,"Management, Business, Science, & Arts Occupations",2,"Education, Legal, Community Service, Arts, & Media Occupations",8,"Arts, Design, Entertainment, Sports, & Media Occupations",2016,"2016","04000US06","California",6292,560.2660082496527,"Congressional District 50, CA","50000US0650","congressional-district-50-ca",58043,8227,5864,7.298772169167804,60372,-3.857748625190486,1.9017336847450252
0,"Management, Business, Science, & Arts Occupations",3,"Healthcare Practitioners & Technical Occupations",9,"Health Diagnosing & Treating Practitioners & Other Technical Occupations",2016,"2016","04000US06","California",9595,683.7090024272022,"Congressional District 50, CA","50000US0650","congressional-district-50-ca",144728,11914,9736,-1.4482333607230895,146527,-1.2277600715226547,2.9000531953478252
0,"Management, Business, Science, & Arts Occupations",3,"Healthcare Practitioners & Technical Occupations",10,"Health Technologists & Technicians",2016,"2016","04000US06","California",4752,483.99690081652386,"Congressional District 50, CA","50000US0650","congressional-district-50-ca",74277,8320,4347,9.316770186335404,77550,-4.220502901353965,1.4362743912759628
1,"Service Occupations",4,"Service Occupations",11,"Healthcare Support Occupations",2016,"2016","04000US06","California",6169,607.0403610963607,"Congressional District 50, CA","50000US0650","congressional-district-50-ca",46981,6208,6438,-4.1783162472817645,48520,-3.171887881286067,1.8645573905263921
1,"Service Occupations",4,"Service Occupations",14,"Food Preparation & Serving Related Occupations",2016,"2016","04000US06","California",18991,1144.8113381688704,"Congressional District 50, CA","50000US0650","congressional-district-50-ca",28868,2974,18966,0.1318148265316883,28343,1.8523092121511482,5.739959378098025
1,"Service Occupations",4,"Service Occupations",15,"Building & Grounds Cleaning & Maintenance Occupations",2016,"2016","04000US06","California",18557,1156.1025041059293,"Congressional District 50, CA","50000US0650","congressional-district-50-ca",37501,1848,17867,3.8618682487267026,37285,0.5793214429395199,5.608784486302198
1,"Service Occupations",4,"Service Occupations",16,"Personal Care & Service Occupations",2016,"2016","04000US06","California",16636,942.7390943415894,"Congressional District 50, CA","50000US0650","congressional-district-50-ca",36458,3649,15466,7.564981249191775,34536,5.565207319898077,5.028169354643712
1,"Service Occupations",5,"Protective Service Occupations",12,"Fire Fighting & Prevention, & Other Protective Service Workers Including Supervisors",2016,"2016","04000US06","California",4675,528.8667128870941,"Congressional District 50, CA","50000US0650","congressional-district-50-ca",58625,10856,4360,7.224770642201834,58580,0.07681802663024924,1.41300142660251
1,"Service Occupations",5,"Protective Service Occupations",13,"Law Enforcement Workers Including Supervisors",2016,"2016","04000US06","California",3778,501.52268144122854,"Congressional District 50, CA","50000US0650","congressional-district-50-ca",165154,24187,3751,0.7198080511863503,162249,1.7904578764738148,1.1418865004715042
2,"Sales & Office Occupations",6,"Sales & Office Occupations",17,"Sales & Related Occupations",2016,"2016","04000US06","California",37758,1334.7602781024013,"Congressional District 50, CA","50000US0650","congressional-district-50-ca",61755,3991,36562,3.2711558448662545,61135,1.0141490144761593,11.412215586236913
2,"Sales & Office Occupations",6,"Sales & Office Occupations",18,"Office & Administrative Support Occupations",2016,"2016","04000US06","California",44322,1521.3641904553951,"Congressional District 50, CA","50000US0650","congressional-district-50-ca",61943,2125,43185,2.63285863146926,61470,0.7694810476655279,13.396160263075174
3,"Natural Resources, Construction, & Maintenance Occupations",7,"Natural Resources, Construction, & Maintenance Occupations",19,"Farming, Fishing, & Forestry Occupations",2016,"2016","04000US06","California",4340,591.7600865215566,"Congressional District 50, CA","50000US0650","congressional-district-50-ca",37687,3651,4863,-10.754678182192063,36958,1.9725093349207208,1.311748917958266
3,"Natural Resources, Construction, & Maintenance Occupations",7,"Natural Resources, Construction, & Maintenance Occupations",20,"Construction & Extraction Occupations",2016,"2016","04000US06","California",20730,978.3869377705325,"Congressional District 50, CA","50000US0650","congressional-district-50-ca",56849,11176,19762,4.898289646796883,65332,-12.984448662217595,6.265565684164712
3,"Natural Resources, Construction, & Maintenance Occupations",7,"Natural Resources, Construction, & Maintenance Occupations",21,"Installation, Maintenance, & Repair Occupations",2016,"2016","04000US06","California",11179,800.0524982774568,"Congressional District 50, CA","50000US0650","congressional-district-50-ca",75585,10861,10810,3.413506012950971,73277,3.1496922636024944,3.3788113257731465
4,"Production, Transportation, & Material Moving Occupations",8,"Production, Transportation, & Material Moving Occupations",22,"Production Occupations",2016,"2016","04000US06","California",15132,999.8489885977783,"Congressional District 50, CA","50000US0650","congressional-district-50-ca",58014,2276,15029,0.6853416727659858,58720,-1.202316076294278,4.573590927775226
4,"Production, Transportation, & Material Moving Occupations",8,"Production, Transportation, & Material Moving Occupations",23,"Transportation Occupations",2016,"2016","04000US06","California",10131,699.2774842650091,"Congressional District 50, CA","50000US0650","congressional-district-50-ca",58832,5786,9785,3.5360245273377617,59255,-0.7138638089612691,3.0620572091786156
0,"Management, Business, Science, & Arts Occupations",0,"Management, Business, & Financial Occupations",0,"Management Occupations",2015,"2015","04000US06","California",32640,1317.1461574176194,"Congressional District 50, CA","50000US0650","congressional-district-50-ca",135898,8052,31850,2.4803767660910516,135012,0.6562379640328267,10.166704044255065
0,"Management, Business, Science, & Arts Occupations",0,"Management, Business, & Financial Occupations",1,"Business & Financial Operations Occupations",2015,"2015","04000US06","California",14371,702.9153576356118,"Congressional District 50, CA","50000US0650","congressional-district-50-ca",107839,8613,14014,2.5474525474525476,109367,-1.3971307615642743,4.476277690563405
0,"Management, Business, Science, & Arts Occupations",1,"Computer, Engineering, & Science Occupations",2,"Computer & Mathematical Occupations",2015,"2015","04000US06","California",8282,692.6037828369117,"Congressional District 50, CA","50000US0650","congressional-district-50-ca",141730,16067,8149,1.6321020984169838,148014,-4.245544340400233,2.579676559268396
0,"Management, Business, Science, & Arts Occupations",1,"Computer, Engineering, & Science Occupations",3,"Architecture & Engineering Occupations",2015,"2015","04000US06","California",7445,546.8765857119868,"Congressional District 50, CA","50000US0650","congressional-district-50-ca",148085,25895,7125,4.491228070175438,133340,11.058197090145493,2.31896788019237
0,"Management, Business, Science, & Arts Occupations",1,"Computer, Engineering, & Science Occupations",4,"Life, Physical, & Social Science Occupations",2015,"2015","04000US06","California",2107,289.6894889359985,"Congressional District 50, CA","50000US0650","congressional-district-50-ca",130910,31962,2135,-1.3114754098360655,117716,11.208331917496347,0.6562881562881563
0,"Management, Business, Science, & Arts Occupations",2,"Education, Legal, Community Service, Arts, & Media Occupations",5,"Community & Social Service Occupations",2015,"2015","04000US06","California",4485,503.0636142676192,"Congressional District 50, CA","50000US0650","congressional-district-50-ca",82629,8077,4421,1.4476362813843022,85469,-3.3228422000959412,1.3969873663751216
0,"Management, Business, Science, & Arts Occupations",2,"Education, Legal, Community Service, Arts, & Media Occupations",6,"Legal Occupations",2015,"2015","04000US06","California",2221,339.5717891698308,"Congressional District 50, CA","50000US0650","congressional-district-50-ca",154394,46169,2212,0.406871609403255,141137,9.393001126564968,0.691796865266253
0,"Management, Business, Science, & Arts Occupations",2,"Education, Legal, Community Service, Arts, & Media Occupations",7,"Education Instruction, & Library Occupations",2015,"2015","04000US06","California",16830,814.8288163780169,"Congressional District 50, CA","50000US0650","congressional-district-50-ca",92596,11790,16333,3.042919243249862,96816,-4.358783672120311,5.242206772819018
0,"Management, Business, Science, & Arts Occupations",2,"Education, Legal, Community Service, Arts, & Media Occupations",8,"Arts, Design, Entertainment, Sports, & Media Occupations",2015,"2015","04000US06","California",5864,593.0303533546997,"Congressional District 50, CA","50000US0650","congressional-district-50-ca",60372,7687,5527,6.097340329292564,56469,6.91175689316262,1.8265181530487653
0,"Management, Business, Science, & Arts Occupations",3,"Healthcare Practitioners & Technical Occupations",9,"Health Diagnosing & Treating Practitioners & Other Technical Occupations",2015,"2015","04000US06","California",9736,704.872328865306,"Congressional District 50, CA","50000US0650","congressional-district-50-ca",146527,13326,9174,6.126008284281665,141857,3.2920476254256044,3.032568338690788
0,"Management, Business, Science, & Arts Occupations",3,"Healthcare Practitioners & Technical Occupations",10,"Health Technologists & Technicians",2015,"2015","04000US06","California",4347,478.7744771810628,"Congressional District 50, CA","50000US0650","congressional-district-50-ca",77550,9893,4356,-0.2066115702479339,74409,4.221263556827804,1.3540031397174255
1,"Service Occupations",4,"Service Occupations",11,"Healthcare Support Occupations",2015,"2015","04000US06","California",6438,570.2148717808051,"Congressional District 50, CA","50000US0650","congressional-district-50-ca",48520,7511,5968,7.875335120643431,50893,-4.662723753757884,2.0053076175525155
1,"Service Occupations",4,"Service Occupations",14,"Food Preparation & Serving Related Occupations",2015,"2015","04000US06","California",18966,1131.505634099981,"Congressional District 50, CA","50000US0650","congressional-district-50-ca",28343,2458,17406,8.96242674939676,29779,-4.822190133987038,5.907527846303356
1,"Service Occupations",4,"Service Occupations",15,"Building & Grounds Cleaning & Maintenance Occupations",2015,"2015","04000US06","California",17867,1127.9383848420089,"Congressional District 50, CA","50000US0650","congressional-district-50-ca",37285,2035,17245,3.6068425630617575,37692,-1.0798047330998621,5.565211432558372
1,"Service Occupations",4,"Service Occupations",16,"Personal Care & Service Occupations",2015,"2015","04000US06","California",15466,894.249405926557,"Congressional District 50, CA","50000US0650","congressional-district-50-ca",34536,4053,15106,2.3831590096650337,33211,3.9896419860889467,4.817348184695123
1,"Service Occupations",5,"Protective Service Occupations",12,"Fire Fighting & Prevention, & Other Protective Service Workers Including Supervisors",2015,"2015","04000US06","California",4360,469.6647740676322,"Congressional District 50, CA","50000US0650","congressional-district-50-ca",58580,8184,4183,4.231412861582596,63655,-7.972665148063782,1.3580523784605418
1,"Service Occupations",5,"Protective Service Occupations",13,"Law Enforcement Workers Including Supervisors",2015,"2015","04000US06","California",3751,462.60242109180535,"Congressional District 50, CA","50000US0650","congressional-district-50-ca",162249,28749,3585,4.630404463040446,162238,0.006780162477348094,1.1683611173407094
2,"Sales & Office Occupations",6,"Sales & Office Occupations",17,"Sales & Related Occupations",2015,"2015","04000US06","California",36562,1409.698549335992,"Congressional District 50, CA","50000US0650","congressional-district-50-ca",61135,4683,35487,3.0292783272747767,61791,-1.0616432813840204,11.388328225062919
2,"Sales & Office Occupations",6,"Sales & Office Occupations",18,"Office & Administrative Support Occupations",2015,"2015","04000US06","California",43185,1283.4551024480754,"Congressional District 50, CA","50000US0650","congressional-district-50-ca",61470,2311,42142,2.474965592520526,61825,-0.5742013748483623,13.451259624729012
3,"Natural Resources, Construction, & Maintenance Occupations",7,"Natural Resources, Construction, & Maintenance Occupations",19,"Farming, Fishing, & Forestry Occupations",2015,"2015","04000US06","California",4863,658.4010935592377,"Congressional District 50, CA","50000US0650","congressional-district-50-ca",36958,3219,4802,1.2703040399833403,36511,1.224288570567774,1.5147267698288107
3,"Natural Resources, Construction, & Maintenance Occupations",7,"Natural Resources, Construction, & Maintenance Occupations",20,"Construction & Extraction Occupations",2015,"2015","04000US06","California",19762,1047.9408380247428,"Congressional District 50, CA","50000US0650","congressional-district-50-ca",65332,7463,20380,-3.032384690873405,65236,0.14715801091421915,6.1554658493434005
3,"Natural Resources, Construction, & Maintenance Occupations",7,"Natural Resources, Construction, & Maintenance Occupations",21,"Installation, Maintenance, & Repair Occupations",2015,"2015","04000US06","California",10810,807.7078679819826,"Congressional District 50, CA","50000US0650","congressional-district-50-ca",73277,6902,9954,8.599557966646575,75356,-2.758904400445884,3.367097754852857
4,"Production, Transportation, & Material Moving Occupations",8,"Production, Transportation, & Material Moving Occupations",22,"Production Occupations",2015,"2015","04000US06","California",15029,957.9316259524998,"Congressional District 50, CA","50000US0650","congressional-district-50-ca",58720,3140,14690,2.307692307692308,58996,-0.46782832734422675,4.681231466945753
4,"Production, Transportation, & Material Moving Occupations",8,"Production, Transportation, & Material Moving Occupations",23,"Transportation Occupations",2015,"2015","04000US06","California",9785,718.6800400734669,"Congressional District 50, CA","50000US0650","congressional-district-50-ca",59255,6821,9114,7.362299758613123,62262,-4.829591082843468,3.047830853953303
0,"Management, Business, Science, & Arts Occupations",0,"Management, Business, & Financial Occupations",0,"Management Occupations",2014,"2014","04000US06","California",31850,1338.5970267410578,"Congressional District 50, CA","50000US0650","congressional-district-50-ca",135012,7465,30436,4.645814167433302,134958,0.04001244831725426,10.235496767061305
0,"Management, Business, Science, & Arts Occupations",0,"Management, Business, & Financial Occupations",1,"Business & Financial Operations Occupations",2014,"2014","04000US06","California",14014,856.3048522576526,"Congressional District 50, CA","50000US0650","congressional-district-50-ca",109367,8594,13513,3.707540886553689,112613,-2.8824380844129895,4.503618577506973
0,"Management, Business, Science, & Arts Occupations",1,"Computer, Engineering, & Science Occupations",2,"Computer & Mathematical Occupations",2014,"2014","04000US06","California",8149,655.2633058549823,"Congressional District 50, CA","50000US0650","congressional-district-50-ca",148014,19649,7382,10.390138173936602,141827,4.362356956009786,2.6188088902600493
0,"Management, Business, Science, & Arts Occupations",1,"Computer, Engineering, & Science Occupations",3,"Architecture & Engineering Occupations",2014,"2014","04000US06","California",7125,529.377936827745,"Congressional District 50, CA","50000US0650","congressional-district-50-ca",133340,27189,6793,4.887384071838658,132105,0.9348624200446614,2.2897304384713277
0,"Management, Business, Science, & Arts Occupations",1,"Computer, Engineering, & Science Occupations",4,"Life, Physical, & Social Science Occupations",2014,"2014","04000US06","California",2135,299.29416967258146,"Congressional District 50, CA","50000US0650","congressional-district-50-ca",117716,34927,2235,-4.47427293064877,110086,6.930944897625493,0.686115717352461
0,"Management, Business, Science, & Arts Occupations",2,"Education, Legal, Community Service, Arts, & Media Occupations",5,"Community & Social Service Occupations",2014,"2014","04000US06","California",4421,423.2079866921228,"Congressional District 50, CA","50000US0650","congressional-district-50-ca",85469,9338,4153,6.453166385745244,84572,1.0606347254410442,1.4207576517167353
0,"Management, Business, Science, & Arts Occupations",2,"Education, Legal, Community Service, Arts, & Media Occupations",6,"Legal Occupations",2014,"2014","04000US06","California",2212,327.55152266475574,"Congressional District 50, CA","50000US0650","congressional-district-50-ca",141137,45309,2029,9.01922129127649,157432,-10.350500533563697,0.7108608743717301
0,"Management, Business, Science, & Arts Occupations",2,"Education, Legal, Community Service, Arts, & Media Occupations",7,"Education Instruction, & Library Occupations",2014,"2014","04000US06","California",16333,813.0006150059173,"Congressional District 50, CA","50000US0650","congressional-district-50-ca",96816,11212,16424,-0.5540672187043352,95039,1.8697587306263745,5.24886557916522
0,"Management, Business, Science, & Arts Occupations",2,"Education, Legal, Community Service, Arts, & Media Occupations",8,"Arts, Design, Entertainment, Sports, & Media Occupations",2014,"2014","04000US06","California",5527,606.1188002363893,"Congressional District 50, CA","50000US0650","congressional-district-50-ca",56469,7937,5536,-0.16257225433526012,60627,-6.85833044683062,1.7761880889026007
0,"Management, Business, Science, & Arts Occupations",3,"Healthcare Practitioners & Technical Occupations",9,"Health Diagnosing & Treating Practitioners & Other Technical Occupations",2014,"2014","04000US06","California",9174,692.0130056581307,"Congressional District 50, CA","50000US0650","congressional-district-50-ca",141857,11198,8415,9.019607843137255,140805,0.7471325592130962,2.9482087077243455
0,"Management, Business, Science, & Arts Occupations",3,"Healthcare Practitioners & Technical Occupations",10,"Health Technologists & Technicians",2014,"2014","04000US06","California",4356,510.92563059607807,"Congressional District 50, CA","50000US0650","congressional-district-50-ca",74409,8830,4330,0.6004618937644343,75729,-1.7430574812819395,1.3998688828043655
1,"Service Occupations",4,"Service Occupations",11,"Healthcare Support Occupations",2014,"2014","04000US06","California",5968,633.5440000505095,"Congressional District 50, CA","50000US0650","congressional-district-50-ca",50893,6708,6076,-1.7774851876234363,49100,3.65173116089613,1.9179103518311418
1,"Service Occupations",4,"Service Occupations",14,"Food Preparation & Serving Related Occupations",2014,"2014","04000US06","California",17406,1137.4154913662817,"Congressional District 50, CA","50000US0650","congressional-district-50-ca",29779,2527,16623,4.710341093665403,30912,-3.665243271221532,5.593690949057113
1,"Service Occupations",4,"Service Occupations",15,"Building & Grounds Cleaning & Maintenance Occupations",2014,"2014","04000US06","California",17245,1026.779431036676,"Congressional District 50, CA","50000US0650","congressional-district-50-ca",37692,2875,16929,1.8666194104790597,38546,-2.215534685829917,5.541951075289551
1,"Service Occupations",4,"Service Occupations",16,"Personal Care & Service Occupations",2014,"2014","04000US06","California",15106,990.2019995940221,"Congressional District 50, CA","50000US0650","congressional-district-50-ca",33211,4287,14669,2.979071511350467,34150,-2.7496339677891655,4.85454989523479
1,"Service Occupations",5,"Protective Service Occupations",12,"Fire Fighting & Prevention, & Other Protective Service Workers Including Supervisors",2014,"2014","04000US06","California",4183,488.2263819172413,"Congressional District 50, CA","50000US0650","congressional-district-50-ca",63655,14963,4850,-13.752577319587628,70276,-9.421424099265751,1.3442726209299036
1,"Service Occupations",5,"Protective Service Occupations",13,"Law Enforcement Workers Including Supervisors",2014,"2014","04000US06","California",3585,417.9677021014901,"Congressional District 50, CA","50000US0650","congressional-district-50-ca",162238,13408,3339,7.3674752920035935,163092,-0.5236308341304294,1.1520959469360996
2,"Sales & Office Occupations",6,"Sales & Office Occupations",17,"Sales & Related Occupations",2014,"2014","04000US06","California",35487,1361.923639562806,"Congressional District 50, CA","50000US0650","congressional-district-50-ca",61791,4141,36083,-1.6517473602527506,63219,-2.258814596877521,11.4043037291273
2,"Sales & Office Occupations",6,"Sales & Office Occupations",18,"Office & Administrative Support Occupations",2014,"2014","04000US06","California",42142,1553.6704927364747,"Congressional District 50, CA","50000US0650","congressional-district-50-ca",61825,2893,42282,-0.33111016508206803,60290,2.5460275335876594,13.542992300078414
3,"Natural Resources, Construction, & Maintenance Occupations",7,"Natural Resources, Construction, & Maintenance Occupations",19,"Farming, Fishing, & Forestry Occupations",2014,"2014","04000US06","California",4802,694.1080607513502,"Congressional District 50, CA","50000US0650","congressional-district-50-ca",36511,3551,4278,12.24871435250117,35594,2.5762769006012247,1.5431979741107813
3,"Natural Resources, Construction, & Maintenance Occupations",7,"Natural Resources, Construction, & Maintenance Occupations",20,"Construction & Extraction Occupations",2014,"2014","04000US06","California",20380,1159.1246697400586,"Congressional District 50, CA","50000US0650","congressional-district-50-ca",65236,4396,19949,2.1605092987117147,64955,0.432607189592795,6.549432468216934
3,"Natural Resources, Construction, & Maintenance Occupations",7,"Natural Resources, Construction, & Maintenance Occupations",21,"Installation, Maintenance, & Repair Occupations",2014,"2014","04000US06","California",9954,690.3745360309865,"Congressional District 50, CA","50000US0650","congressional-district-50-ca",75356,5986,9830,1.261444557477111,74357,1.3435184313514532,3.1988739346727857
4,"Production, Transportation, & Material Moving Occupations",8,"Production, Transportation, & Material Moving Occupations",22,"Production Occupations",2014,"2014","04000US06","California",14690,882.7780015383255,"Congressional District 50, CA","50000US0650","congressional-district-50-ca",58996,3168,14555,0.9275163174166953,58921,0.1272890819911407,4.720861774195622
4,"Production, Transportation, & Material Moving Occupations",8,"Production, Transportation, & Material Moving Occupations",23,"Transportation Occupations",2014,"2014","04000US06","California",9114,673.8820371548718,"Congressional District 50, CA","50000US0650","congressional-district-50-ca",62262,8093,9104,0.10984182776801407,53451,16.48425660885671,2.92892676718985
0,"Management, Business, Science, & Arts Occupations",0,"Management, Business, & Financial Occupations",0,"Management Occupations",2013,"2013","04000US06","California",30436,1181.620920600173,"Congressional District 50, CA","50000US0650","congressional-district-50-ca",134958,6816,,NaN,,NaN,9.971888944950821
0,"Management, Business, Science, & Arts Occupations",0,"Management, Business, & Financial Occupations",1,"Business & Financial Operations Occupations",2013,"2013","04000US06","California",13513,974.487557642477,"Congressional District 50, CA","50000US0650","congressional-district-50-ca",112613,7587,,NaN,,NaN,4.427327352908414
0,"Management, Business, Science, & Arts Occupations",1,"Computer, Engineering, & Science Occupations",2,"Computer & Mathematical Occupations",2013,"2013","04000US06","California",7382,585.8754133772811,"Congressional District 50, CA","50000US0650","congressional-district-50-ca",141827,22082,,NaN,,NaN,2.41859916518685
0,"Management, Business, Science, & Arts Occupations",1,"Computer, Engineering, & Science Occupations",3,"Architecture & Engineering Occupations",2013,"2013","04000US06","California",6793,537.0623799895129,"Congressional District 50, CA","50000US0650","congressional-district-50-ca",132105,20093,,NaN,,NaN,2.2256223420637054
0,"Management, Business, Science, & Arts Occupations",1,"Computer, Engineering, & Science Occupations",4,"Life, Physical, & Social Science Occupations",2013,"2013","04000US06","California",2235,352.1377571349031,"Congressional District 50, CA","50000US0650","congressional-district-50-ca",110086,15763,,NaN,,NaN,0.732263496910405
0,"Management, Business, Science, & Arts Occupations",2,"Education, Legal, Community Service, Arts, & Media Occupations",5,"Community & Social Service Occupations",2013,"2013","04000US06","California",4153,420.82300317354327,"Congressional District 50, CA","50000US0650","congressional-district-50-ca",84572,12888,,NaN,,NaN,1.3606668020889987
0,"Management, Business, Science, & Arts Occupations",2,"Education, Legal, Community Service, Arts, & Media Occupations",6,"Legal Occupations",2013,"2013","04000US06","California",2029,358.3364340951112,"Congressional District 50, CA","50000US0650","congressional-district-50-ca",157432,33640,,NaN,,NaN,0.6647707540184393
0,"Management, Business, Science, & Arts Occupations",2,"Education, Legal, Community Service, Arts, & Media Occupations",7,"Education Instruction, & Library Occupations",2013,"2013","04000US06","California",16424,842.0694745684586,"Congressional District 50, CA","50000US0650","congressional-district-50-ca",95039,10565,,NaN,,NaN,5.3810718896002205
0,"Management, Business, Science, & Arts Occupations",2,"Education, Legal, Community Service, Arts, & Media Occupations",8,"Arts, Design, Entertainment, Sports, & Media Occupations",2013,"2013","04000US06","California",5536,490.05509894296586,"Congressional District 50, CA","50000US0650","congressional-district-50-ca",60627,12632,,NaN,,NaN,1.813785556553021
0,"Management, Business, Science, & Arts Occupations",3,"Healthcare Practitioners & Technical Occupations",9,"Health Diagnosing & Treating Practitioners & Other Technical Occupations",2013,"2013","04000US06","California",8415,710.4730818264686,"Congressional District 50, CA","50000US0650","congressional-district-50-ca",140805,16114,,NaN,,NaN,2.757045783669377
0,"Management, Business, Science, & Arts Occupations",3,"Healthcare Practitioners & Technical Occupations",10,"Health Technologists & Technicians",2013,"2013","04000US06","California",4330,559.1600844123265,"Congressional District 50, CA","50000US0650","congressional-district-50-ca",75729,9098,,NaN,,NaN,1.4186581394282118
1,"Service Occupations",4,"Service Occupations",11,"Healthcare Support Occupations",2013,"2013","04000US06","California",6076,591.8487982584741,"Congressional District 50, CA","50000US0650","congressional-district-50-ca",49100,4972,,NaN,,NaN,1.9907082806387564
1,"Service Occupations",4,"Service Occupations",14,"Food Preparation & Serving Related Occupations",2013,"2013","04000US06","California",16623,1078.3696026873163,"Congressional District 50, CA","50000US0650","congressional-district-50-ca",30912,2021,,NaN,,NaN,5.446271189772556
1,"Service Occupations",4,"Service Occupations",15,"Building & Grounds Cleaning & Maintenance Occupations",2013,"2013","04000US06","California",16929,1085.7647074757956,"Congressional District 50, CA","50000US0650","congressional-district-50-ca",38546,2784,,NaN,,NaN,5.546527400087807
1,"Service Occupations",4,"Service Occupations",16,"Personal Care & Service Occupations",2013,"2013","04000US06","California",14669,866.5962150852033,"Congressional District 50, CA","50000US0650","congressional-district-50-ca",34150,4061,,NaN,,NaN,4.80607303632158
1,"Service Occupations",5,"Protective Service Occupations",12,"Fire Fighting & Prevention, & Other Protective Service Workers Including Supervisors",2013,"2013","04000US06","California",4850,557.000897665345,"Congressional District 50, CA","50000US0650","congressional-district-50-ca",70276,23157,,NaN,,NaN,1.5890281700292905
1,"Service Occupations",5,"Protective Service Occupations",13,"Law Enforcement Workers Including Supervisors",2013,"2013","04000US06","California",3339,457.49972677587476,"Congressional District 50, CA","50000US0650","congressional-district-50-ca",163092,7599,,NaN,,NaN,1.093972177263464
2,"Sales & Office Occupations",6,"Sales & Office Occupations",17,"Sales & Related Occupations",2013,"2013","04000US06","California",36083,1344.9758362141679,"Congressional District 50, CA","50000US0650","congressional-district-50-ca",63219,3381,,NaN,,NaN,11.822041950343689
2,"Sales & Office Occupations",6,"Sales & Office Occupations",18,"Office & Administrative Support Occupations",2013,"2013","04000US06","California",42282,1333.1286509560882,"Congressional District 50, CA","50000US0650","congressional-district-50-ca",60290,2825,,NaN,,NaN,13.853049295913086
3,"Natural Resources, Construction, & Maintenance Occupations",7,"Natural Resources, Construction, & Maintenance Occupations",19,"Farming, Fishing, & Forestry Occupations",2013,"2013","04000US06","California",4278,726.2403183519901,"Congressional District 50, CA","50000US0650","congressional-district-50-ca",35594,2756,,NaN,,NaN,1.4016211363681041
3,"Natural Resources, Construction, & Maintenance Occupations",7,"Natural Resources, Construction, & Maintenance Occupations",20,"Construction & Extraction Occupations",2013,"2013","04000US06","California",19949,1027.5689757870273,"Congressional District 50, CA","50000US0650","congressional-district-50-ca",64955,6692,,NaN,,NaN,6.535984116270993
3,"Natural Resources, Construction, & Maintenance Occupations",7,"Natural Resources, Construction, & Maintenance Occupations",21,"Installation, Maintenance, & Repair Occupations",2013,"2013","04000US06","California",9830,680.0772014999473,"Congressional District 50, CA","50000US0650","congressional-district-50-ca",74357,8540,,NaN,,NaN,3.2206488477088504
4,"Production, Transportation, & Material Moving Occupations",8,"Production, Transportation, & Material Moving Occupations",22,"Production Occupations",2013,"2013","04000US06","California",14555,825.2181529753209,"Congressional District 50, CA","50000US0650","congressional-district-50-ca",58921,4418,,NaN,,NaN,4.768722683459036
4,"Production, Transportation, & Material Moving Occupations",8,"Production, Transportation, & Material Moving Occupations",23,"Transportation Occupations",2013,"2013","04000US06","California",9104,726.7048919609665,"Congressional District 50, CA","50000US0650","congressional-district-50-ca",53451,15116,,NaN,,NaN,2.9827860742158063