ID Group,Group,ID Industry,Industry,ID Year,Year,ID State,State,Workforce by Industry and Gender,Workforce by Industry and Gender Moe,Geography,ID Geography,Slug Geography,Year,Median Earnings Moe,Workforce Prev,Workforce Growth,Median Earnings Prev,Median Earnings Growth,Share
0,"Agriculture, Forestry, Fishing & Hunting, & Mining",0,"Agriculture, Forestry, Fishing & Hunting",2022,"2022","04000US06","California",1769,389.7601826764761,"Congressional District 50, CA","50000US0650","congressional-district-50-ca",57457,10714,5307,-66.66666666666666,51713,11.10745847272446,0.4650710357229239
0,"Agriculture, Forestry, Fishing & Hunting, & Mining",1,"Mining, Quarrying, & Oil & Gas Extraction",2022,"2022","04000US06","California",126,84.30895563343196,"Congressional District 50, CA","50000US0650","congressional-district-50-ca",94509,160583,110,14.545454545454545,118362,-20.152582754600292,0.03312546664843889
1,"Construction (Group)",2,"Construction",2022,"2022","04000US06","California",17261,1225.1252997142783,"Congressional District 50, CA","50000US0650","congressional-district-50-ca",122498,9047,31819,-45.75253779188535,103374,18.499816201365917,4.537926030307173
2,"Manufacturing (Group)",3,"Manufacturing",2022,"2022","04000US06","California",38900,1995.5402777192949,"Congressional District 50, CA","50000US0650","congressional-district-50-ca",192055,13864,31718,22.643294028627277,113099,69.81140416802978,10.22683057638312
3,"Wholesale Trade (Group)",4,"Wholesale Trade",2022,"2022","04000US06","California",7619,757.5018151793433,"Congressional District 50, CA","50000US0650","congressional-district-50-ca",133142,14286,7595,0.31599736668861095,97164,37.02811740974023,2.00303913011473
4,"Retail Trade (Group)",5,"Retail Trade",2022,"2022","04000US06","California",32089,1684.5207033456134,"Congressional District 50, CA","50000US0650","congressional-district-50-ca",73289,7377,41237,-22.183961005892765,59057,24.09875205310124,8.436215073664728
5,"Transportation & Warehousing, & Utilities",6,"Transportation & Warehousing",2022,"2022","04000US06","California",10564,986.9777099813348,"Congressional District 50, CA","50000US0650","congressional-district-50-ca",100060,14758,12908,-18.15928106600558,80795,23.844297295624727,2.7772811878897503
5,"Transportation & Warehousing, & Utilities",7,"Utilities",2022,"2022","04000US06","California",2448,408.95231995918544,"Congressional District 50, CA","50000US0650","congressional-district-50-ca",184241,35873,3213,-23.809523809523807,181046,1.7647448714691296,0.6435804948839557
6,"Information (Group)",8,"Information",2022,"2022","04000US06","California",9847,988.9110172305695,"Congressional District 50, CA","50000US0650","congressional-district-50-ca",181811,24109,5623,75.12004268184243,130746,39.0566441803191,2.5887815086283954
7,"Finance & Insurance, & Real Estate & Rental & Leasing",9,"Finance & Insurance",2022,"2022","04000US06","California",16974,1238.0702726420661,"Congressional District 50, CA","50000US0650","congressional-district-50-ca",183169,15919,11648,45.72458791208791,144560,26.707941339236303,4.46247357849684
7,"Finance & Insurance, & Real Estate & Rental & Leasing",10,"Real Estate & Rental & Leasing",2022,"2022","04000US06","California",10778,794.1341196548602,"Congressional District 50, CA","50000US0650","congressional-district-50-ca",151092,23295,8172,31.88937836514929,90468,67.01153999204138,2.833541901086305
8,"Professional, Scientific, & Management, & Administrative & Waste Management Services",11,"Professional, Scientific, & Technical Services",2022,"2022","04000US06","California",64354,1910.0261778310787,"Congressional District 50, CA","50000US0650","congressional-district-50-ca",198419,9089,26555,142.34230841649406,153347,29.39216287243963,16.918700640425687
8,"Professional, Scientific, & Management, & Administrative & Waste Management Services",12,"Management of Companies & Enterprises",2022,"2022","04000US06","California",928,295.0254226333724,"Congressional District 50, CA","50000US0650","congressional-district-50-ca",255374,90733,442,109.95475113122173,187223,36.4009763757658,0.24397169087104204
8,"Professional, Scientific, & Management, & Administrative & Waste Management Services",13,"Administrative & Support & Waste Management Services",2022,"2022","04000US06","California",14901,1055.3639182765346,"Congressional District 50, CA","50000US0650","congressional-district-50-ca",87085,3880,17135,-13.037642252699152,60753,43.342715586061594,3.9174807819713333
9,"Educational Services, & Health Care & Social Assistance",14,"Educational Services",2022,"2022","04000US06","California",37295,1613.4388739583535,"Congressional District 50, CA","50000US0650","congressional-district-50-ca",123057,6118,28500,30.85964912280702,105483,16.660504536275987,9.804875227408957
9,"Educational Services, & Health Care & Social Assistance",15,"Health Care & Social Assistance",2022,"2022","04000US06","California",48407,1915.7087461302672,"Congressional District 50, CA","50000US0650","congressional-district-50-ca",140830,10765,40772,18.72608652997155,95551,47.38725916002972,12.726225905166523
10,"Arts, Entertainment, & Recreation, & Accommodation & Food Services",16,"Arts, Entertainment, & Recreation",2022,"2022","04000US06","California",10290,979.5881787771839,"Congressional District 50, CA","50000US0650","congressional-district-50-ca",68402,16330,12516,-17.78523489932886,58908,16.116656481292864,2.7052464429558434
10,"Arts, Entertainment, & Recreation, & Accommodation & Food Services",17,"Accommodation & Food Services",2022,"2022","04000US06","California",26820,1449.5295788634323,"Congressional District 50, CA","50000US0650","congressional-district-50-ca",56227,4325,26469,1.3260795647738866,39326,42.97665666480191,7.050992186596279
11,"Other Services, Except Public Administration (Group)",18,"Other Services, Except Public Administration",2022,"2022","04000US06","California",15837,1063.5346726835003,"Congressional District 50, CA","50000US0650","congressional-district-50-ca",,,17828,-11.167825891855507,,NaN,4.163555677074022
12,"Public Administration (Group)",19,"Public Administration",2022,"2022","04000US06","California",13165,879.641972622953,"Congressional District 50, CA","50000US0650","congressional-district-50-ca",181773,8252,17100,-23.01169590643275,158422,14.739745742384263,3.4610854637039528
0,"Agriculture, Forestry, Fishing & Hunting, & Mining",0,"Agriculture, Forestry, Fishing & Hunting",2021,"2021","04000US06","California",5307,769.9987012976061,"Congressional District 50, CA","50000US0650","congressional-district-50-ca",51713,9127,5957,-10.911532650663085,44540,16.104625056129322,1.5308639126308532
0,"Agriculture, Forestry, Fishing & Hunting, & Mining",1,"Mining, Quarrying, & Oil & Gas Extraction",2021,"2021","04000US06","California",110,77.89736837660179,"Congressional District 50, CA","50000US0650","congressional-district-50-ca",118362,26534,150,-26.666666666666668,92031,28.611011506992206,0.03173073872044353
1,"Construction (Group)",2,"Construction",2021,"2021","04000US06","California",31819,1508.2944009708451,"Congressional District 50, CA","50000US0650","congressional-district-50-ca",103374,11701,31099,2.3151869835042924,97478,6.048544286916022,9.178548866779936
2,"Manufacturing (Group)",3,"Manufacturing",2021,"2021","04000US06","California",31718,1447.2021282460857,"Congressional District 50, CA","50000US0650","congressional-district-50-ca",113099,7253,31193,1.6830699195332286,104604,8.121104355473978,9.149414279409347
3,"Wholesale Trade (Group)",4,"Wholesale Trade",2021,"2021","04000US06","California",7595,668.9730936293327,"Congressional District 50, CA","50000US0650","congressional-district-50-ca",97164,14551,8173,-7.072066560626452,95922,1.2948020266466505,2.190863278016079
4,"Retail Trade (Group)",5,"Retail Trade",2021,"2021","04000US06","California",41237,1713.2229860704065,"Congressional District 50, CA","50000US0650","congressional-district-50-ca",59057,3083,42357,-2.6441910428028423,54664,8.036367627689156,11.895277023772092
5,"Transportation & Warehousing, & Utilities",6,"Transportation & Warehousing",2021,"2021","04000US06","California",12908,1158.360910942699,"Congressional District 50, CA","50000US0650","congressional-district-50-ca",80795,6061,11816,9.24170616113744,76708,5.327997079835219,3.7234579582135017
5,"Transportation & Warehousing, & Utilities",7,"Utilities",2021,"2021","04000US06","California",3213,555.8929753108956,"Congressional District 50, CA","50000US0650","congressional-district-50-ca",181046,29124,3331,-3.5424797358150704,178999,1.1435818077195963,0.9268260318980462
6,"Information (Group)",8,"Information",2021,"2021","04000US06","California",5623,609.5842845743318,"Congressional District 50, CA","50000US0650","congressional-district-50-ca",130746,12889,5385,4.419684308263696,117388,11.379357344873412,1.6220176711368546
7,"Finance & Insurance, & Real Estate & Rental & Leasing",9,"Finance & Insurance",2021,"2021","04000US06","California",11648,967.2486753674052,"Congressional District 50, CA","50000US0650","congressional-district-50-ca",144560,15688,11398,2.1933672574135814,142233,1.6360478932455897,3.359996769233876
7,"Finance & Insurance, & Real Estate & Rental & Leasing",10,"Real Estate & Rental & Leasing",2021,"2021","04000US06","California",8172,887.6598447603677,"Congressional District 50, CA","50000US0650","congressional-district-50-ca",90468,14212,8002,2.124468882779305,83862,7.877226872719467,2.35730542566786
8,"Professional, Scientific, & Management, & Administrative & Waste Management Services",11,"Professional, Scientific, & Technical Services",2021,"2021","04000US06","California",26555,1564.136183329316,"Congressional District 50, CA","50000US0650","congressional-district-50-ca",153347,12027,26469,0.32490838339189243,145562,5.348236490292796,7.660088788376165
8,"Professional, Scientific, & Management, & Administrative & Waste Management Services",12,"Management of Companies & Enterprises",2021,"2021","04000US06","California",442,198.1565038044424,"Congressional District 50, CA","50000US0650","congressional-district-50-ca",187223,85083,452,-2.2123893805309733,174844,7.080025622840933,0.12749987740396404
8,"Professional, Scientific, & Management, & Administrative & Waste Management Services",13,"Administrative & Support & Waste Management Services",2021,"2021","04000US06","California",17135,1199.2272511913661,"Congressional District 50, CA","50000US0650","congressional-district-50-ca",60753,4596,18169,-5.691012163575321,58821,3.284541235273117,4.9427837088618185
9,"Educational Services, & Health Care & Social Assistance",14,"Educational Services",2021,"2021","04000US06","California",28500,1296.0420517869009,"Congressional District 50, CA","50000US0650","congressional-district-50-ca",105483,7293,28600,-0.34965034965034963,93195,13.185256719781105,8.221145941205826
9,"Educational Services, & Health Care & Social Assistance",15,"Health Care & Social Assistance",2021,"2021","04000US06","California",40772,1721.1708224345427,"Congressional District 50, CA","50000US0650","congressional-district-50-ca",95551,10962,41027,-0.621541911424184,86511,10.449538209013882,11.761142537362945
10,"Arts, Entertainment, & Recreation, & Accommodation & Food Services",16,"Arts, Entertainment, & Recreation",2021,"2021","04000US06","California",12516,927.2869027436979,"Congressional District 50, CA","50000US0650","congressional-district-50-ca",58908,4713,12064,3.7466843501326257,57631,2.215821346150509,3.610381143864285
10,"Arts, Entertainment, & Recreation, & Accommodation & Food Services",17,"Accommodation & Food Services",2021,"2021","04000US06","California",26469,1505.633753606766,"Congressional District 50, CA","50000US0650","congressional-district-50-ca",39326,3048,27526,-3.840005812686188,39162,0.4187733006485879,7.635281119921999
11,"Other Services, Except Public Administration (Group)",18,"Other Services, Except Public Administration",2021,"2021","04000US06","California",17828,975.3440418642031,"Congressional District 50, CA","50000US0650","congressional-district-50-ca",,,18631,-4.310020932853846,,NaN,5.142687362800612
12,"Public Administration (Group)",19,"Public Administration",2021,"2021","04000US06","California",17100,989.0045500400896,"Congressional District 50, CA","50000US0650","congressional-district-50-ca",158422,10742,16573,3.179870874313643,147139,7.668259265048695,4.932687564723495
0,"Agriculture, Forestry, Fishing & Hunting, & Mining",0,"Agriculture, Forestry, Fishing & Hunting",2020,"2020","04000US06","California",5957,871.7505377113339,"Congressional District 50, CA","50000US0650","congressional-district-50-ca",44540,6217,5746,3.6721197354681516,45526,-2.165795369678865,1.7099537276244934
0,"Agriculture, Forestry, Fishing & Hunting, & Mining",1,"Mining, Quarrying, & Oil & Gas Extraction",2020,"2020","04000US06","California",150,94.87360012142472,"Congressional District 50, CA","50000US0650","congressional-district-50-ca",92031,53450,213,-29.577464788732392,54712,68.20989910805673,0.04305742137714857
1,"Construction (Group)",2,"Construction",2020,"2020","04000US06","California",31099,1479.8756704534337,"Congressional District 50, CA","50000US0650","congressional-district-50-ca",97478,8900,31595,-1.5698686501028642,96499,1.0145182851635768,8.92695164938629
2,"Manufacturing (Group)",3,"Manufacturing",2020,"2020","04000US06","California",31193,1435.9122535865483,"Congressional District 50, CA","50000US0650","congressional-district-50-ca",104604,5400,31012,0.5836450406294338,101684,2.871641556193698,8.953934300115968
3,"Wholesale Trade (Group)",4,"Wholesale Trade",2020,"2020","04000US06","California",8173,721.903733194392,"Congressional District 50, CA","50000US0650","congressional-district-50-ca",95922,8912,8852,-7.670582919114325,92182,4.057191208695841,2.3460553661029016
4,"Retail Trade (Group)",5,"Retail Trade",2020,"2020","04000US06","California",42357,1835.6628230696401,"Congressional District 50, CA","50000US0650","congressional-district-50-ca",54664,3828,41575,1.8809380637402284,52287,4.546063074951709,12.15855464847921
5,"Transportation & Warehousing, & Utilities",6,"Transportation & Warehousing",2020,"2020","04000US06","California",11816,1013.0597218328246,"Congressional District 50, CA","50000US0650","congressional-district-50-ca",76708,8540,11388,3.758342114506498,74034,3.6118540130210444,3.3917766066159163
5,"Transportation & Warehousing, & Utilities",7,"Utilities",2020,"2020","04000US06","California",3331,466.086901768329,"Congressional District 50, CA","50000US0650","congressional-district-50-ca",178999,43848,3010,10.664451827242525,176983,1.1390924552075623,0.9561618040485458
6,"Information (Group)",8,"Information",2020,"2020","04000US06","California",5385,595.1436801311091,"Congressional District 50, CA","50000US0650","congressional-district-50-ca",117388,17788,5692,-5.39353478566409,116773,0.52666284158153,1.5457614274396336
7,"Finance & Insurance, & Real Estate & Rental & Leasing",9,"Finance & Insurance",2020,"2020","04000US06","California",11398,869.9022933640307,"Congressional District 50, CA","50000US0650","congressional-district-50-ca",142233,23626,11637,-2.053793933144281,136808,3.965411379451494,3.2717899257115954
7,"Finance & Insurance, & Real Estate & Rental & Leasing",10,"Real Estate & Rental & Leasing",2020,"2020","04000US06","California",8002,819.3393680276812,"Congressional District 50, CA","50000US0650","congressional-district-50-ca",83862,14667,8012,-0.12481278082875688,80403,4.30207828066117,2.2969699057329525
8,"Professional, Scientific, & Management, & Administrative & Waste Management Services",11,"Professional, Scientific, & Technical Services",2020,"2020","04000US06","California",26469,1435.4831939106778,"Congressional District 50, CA","50000US0650","congressional-district-50-ca",145562,9876,25862,2.3470729255278013,129920,12.039716748768473,7.597912576211637
8,"Professional, Scientific, & Management, & Administrative & Waste Management Services",12,"Management of Companies & Enterprises",2020,"2020","04000US06","California",452,166.85922210054798,"Congressional District 50, CA","50000US0650","congressional-district-50-ca",174844,70501,335,34.92537313432836,189550,-7.75837509891849,0.12974636308314103
8,"Professional, Scientific, & Management, & Administrative & Waste Management Services",13,"Administrative & Support & Waste Management Services",2020,"2020","04000US06","California",18169,1114.9475323978254,"Congressional District 50, CA","50000US0650","congressional-district-50-ca",58821,3944,19486,-6.758698552807144,54250,8.425806451612903,5.215401926676082
9,"Educational Services, & Health Care & Social Assistance",14,"Educational Services",2020,"2020","04000US06","California",28600,1506.7912927807886,"Congressional District 50, CA","50000US0650","congressional-district-50-ca",93195,7193,28904,-1.0517575422086909,93592,-0.42418155397897256,8.209615009242993
9,"Educational Services, & Health Care & Social Assistance",15,"Health Care & Social Assistance",2020,"2020","04000US06","California",41027,1636.9975565039795,"Congressional District 50, CA","50000US0650","congressional-district-50-ca",86511,9490,40854,0.4234591472071278,89124,-2.931870203312239,11.776778845601827
10,"Arts, Entertainment, & Recreation, & Accommodation & Food Services",16,"Arts, Entertainment, & Recreation",2020,"2020","04000US06","California",12064,981.5008914922086,"Congressional District 50, CA","50000US0650","congressional-district-50-ca",57631,5193,13120,-8.048780487804878,54853,5.064444971104589,3.462964876626135
10,"Arts, Entertainment, & Recreation, & Accommodation & Food Services",17,"Accommodation & Food Services",2020,"2020","04000US06","California",27526,1635.1006085253591,"Congressional District 50, CA","50000US0650","congressional-district-50-ca",39162,2432,28498,-3.4107656677661593,36635,6.89777535143988,7.90132387218261
11,"Other Services, Except Public Administration (Group)",18,"Other Services, Except Public Administration",2020,"2020","04000US06","California",18631,1246.0577835718534,"Congressional District 50, CA","50000US0650","congressional-district-50-ca",,,19973,-6.719070745506434,,NaN,5.348018784517699
12,"Public Administration (Group)",19,"Public Administration",2020,"2020","04000US06","California",16573,1030.6085580859497,"Congressional District 50, CA","50000US0650","congressional-district-50-ca",147139,10286,16417,0.950234513004812,140786,4.512522551958291,4.757270963223221
0,"Agriculture, Forestry, Fishing & Hunting, & Mining",0,"Agriculture, Forestry, Fishing & Hunting",2019,"2019","04000US06","California",5746,605.3577454695694,"Congressional District 50, CA","50000US0650","congressional-district-50-ca",45526,7029,6416,-10.442643391521198,42706,6.603287594249052,1.6315474145396827
0,"Agriculture, Forestry, Fishing & Hunting, & Mining",1,"Mining, Quarrying, & Oil & Gas Extraction",2019,"2019","04000US06","California",213,129.84991336154212,"Congressional District 50, CA","50000US0650","congressional-district-50-ca",54712,42621,326,-34.66257668711656,27217,101.02142043575707,0.06048026440949398
1,"Construction (Group)",2,"Construction",2019,"2019","04000US06","California",31595,1346.5125324333226,"Congressional District 50, CA","50000US0650","congressional-district-50-ca",96499,4352,30559,3.3901632906835957,91447,5.524511465657703,8.971239220741607
2,"Manufacturing (Group)",3,"Manufacturing",2019,"2019","04000US06","California",31012,1356.610482047076,"Congressional District 50, CA","50000US0650","congressional-district-50-ca",101684,5600,31224,-0.678964898795798,100713,0.9641257831660262,8.805699342099658
3,"Wholesale Trade (Group)",4,"Wholesale Trade",2019,"2019","04000US06","California",8852,766.9589298000252,"Congressional District 50, CA","50000US0650","congressional-district-50-ca",92182,8161,9014,-1.79720434879077,89477,3.02312326072622,2.513480284285637
4,"Retail Trade (Group)",5,"Retail Trade",2019,"2019","04000US06","California",41575,1500.2106518752623,"Congressional District 50, CA","50000US0650","congressional-district-50-ca",52287,3686,40986,1.4370760747572342,50263,4.026818932415495,11.805009355984565
5,"Transportation & Warehousing, & Utilities",6,"Transportation & Warehousing",2019,"2019","04000US06","California",11388,883.314779679362,"Congressional District 50, CA","50000US0650","congressional-district-50-ca",74034,4785,11564,-1.5219647180906262,74725,-0.924723987955838,3.233564559132946
5,"Transportation & Warehousing, & Utilities",7,"Utilities",2019,"2019","04000US06","California",3010,376.3243282064023,"Congressional District 50, CA","50000US0650","congressional-district-50-ca",176983,18362,3194,-5.760801502817784,169959,4.132761430697992,0.8546741590261826
6,"Information (Group)",8,"Information",2019,"2019","04000US06","California",5692,556.852763304628,"Congressional District 50, CA","50000US0650","congressional-district-50-ca",116773,21215,5618,1.3171947312210752,118806,-1.711193037388684,1.6162143897598111
7,"Finance & Insurance, & Real Estate & Rental & Leasing",9,"Finance & Insurance",2019,"2019","04000US06","California",11637,836.6391097719494,"Congressional District 50, CA","50000US0650","congressional-district-50-ca",136808,10021,11380,2.2583479789103693,132304,3.404281049703713,3.3042668400623545
7,"Finance & Insurance, & Real Estate & Rental & Leasing",10,"Real Estate & Rental & Leasing",2019,"2019","04000US06","California",8012,759.5162934394494,"Congressional District 50, CA","50000US0650","congressional-district-50-ca",80403,13865,8581,-6.630928796177601,76714,4.80877023750554,2.2749665654876328
8,"Professional, Scientific, & Management, & Administrative & Waste Management Services",11,"Professional, Scientific, & Technical Services",2019,"2019","04000US06","California",25862,1189.2119239227297,"Congressional District 50, CA","50000US0650","congressional-district-50-ca",129920,8965,25298,2.2294252510079846,125715,3.3448673587081887,7.343383089945227
8,"Professional, Scientific, & Management, & Administrative & Waste Management Services",12,"Management of Companies & Enterprises",2019,"2019","04000US06","California",335,105.39449701004317,"Congressional District 50, CA","50000US0650","congressional-district-50-ca",189550,111894,270,24.074074074074073,164990,14.885750651554638,0.09512154261587082
8,"Professional, Scientific, & Management, & Administrative & Waste Management Services",13,"Administrative & Support & Waste Management Services",2019,"2019","04000US06","California",19486,1137.2462354301288,"Congressional District 50, CA","50000US0650","congressional-district-50-ca",54250,4302,19013,2.4877715247462264,53393,1.6050793175135316,5.532950386307041
9,"Educational Services, & Health Care & Social Assistance",14,"Educational Services",2019,"2019","04000US06","California",28904,1062.017890621434,"Congressional District 50, CA","50000US0650","congressional-district-50-ca",93592,6193,28294,2.1559341203081925,91482,2.306464659714479,8.207143485878001
9,"Educational Services, & Health Care & Social Assistance",15,"Health Care & Social Assistance",2019,"2019","04000US06","California",40854,1512.7871628223186,"Congressional District 50, CA","50000US0650","congressional-district-50-ca",89124,8855,40301,1.3721743877323143,85948,3.695257597617164,11.600285080682944
10,"Arts, Entertainment, & Recreation, & Accommodation & Food Services",16,"Arts, Entertainment, & Recreation",2019,"2019","04000US06","California",13120,974.8774281928985,"Congressional District 50, CA","50000US0650","congressional-district-50-ca",54853,4458,13475,-2.6345083487940633,54139,1.3188274626424574,3.7253571317021645
10,"Arts, Entertainment, & Recreation, & Accommodation & Food Services",17,"Accommodation & Food Services",2019,"2019","04000US06","California",28498,1527.1754974461842,"Congressional District 50, CA","50000US0650","congressional-district-50-ca",36635,2096,26978,5.634220475943361,34537,6.074644584069259,8.091861855125632
11,"Other Services, Except Public Administration (Group)",18,"Other Services, Except Public Administration",2019,"2019","04000US06","California",19973,1123.398415523184,"Congressional District 50, CA","50000US0650","congressional-district-50-ca",,,20292,-1.572048097772521,,NaN,5.671231554229218
12,"Public Administration (Group)",19,"Public Administration",2019,"2019","04000US06","California",16417,959.8166491575356,"Congressional District 50, CA","50000US0650","congressional-district-50-ca",140786,7476,15555,5.541626486660238,140733,0.037659966034974034,4.661523477984332
0,"Agriculture, Forestry, Fishing & Hunting, & Mining",0,"Agriculture, Forestry, Fishing & Hunting",2018,"2018","04000US06","California",6416,747.0107094279172,"Congressional District 50, CA","50000US0650","congressional-district-50-ca",42706,6092,6262,2.4592781858831048,41337,3.311802985219053,1.841889199570532
0,"Agriculture, Forestry, Fishing & Hunting, & Mining",1,"Mining, Quarrying, & Oil & Gas Extraction",2018,"2018","04000US06","California",326,184.02445489662506,"Congressional District 50, CA","50000US0650","congressional-district-50-ca",27217,49602,281,16.014234875444842,51792,-47.44941303676244,0.09358726294575957
1,"Construction (Group)",2,"Construction",2018,"2018","04000US06","California",30559,1301.8221844783566,"Congressional District 50, CA","50000US0650","congressional-district-50-ca",91447,6776,29547,3.4250516126848747,83811,9.110975886220187,8.772801129937015
2,"Manufacturing (Group)",3,"Manufacturing",2018,"2018","04000US06","California",31224,1126.1136709941852,"Congressional District 50, CA","50000US0650","congressional-district-50-ca",100713,5575,30904,1.0354646647683148,97778,3.001697723414265,8.963707663246618
3,"Wholesale Trade (Group)",4,"Wholesale Trade",2018,"2018","04000US06","California",9014,742.9703897195366,"Congressional District 50, CA","50000US0650","congressional-district-50-ca",89477,9260,9034,-0.22138587558113793,87816,1.8914548601621572,2.587716528199622
4,"Retail Trade (Group)",5,"Retail Trade",2018,"2018","04000US06","California",40986,1591.7550062745208,"Congressional District 50, CA","50000US0650","congressional-district-50-ca",50263,3320,41301,-0.7626933972543039,48457,3.7270157046453556,11.766158156732828
5,"Transportation & Warehousing, & Utilities",6,"Transportation & Warehousing",2018,"2018","04000US06","California",11564,730.6880319260745,"Congressional District 50, CA","50000US0650","congressional-district-50-ca",74725,14832,11020,4.936479128856624,74029,0.9401720947196369,3.3197641371311772
5,"Transportation & Warehousing, & Utilities",7,"Utilities",2018,"2018","04000US06","California",3194,439.82951242498496,"Congressional District 50, CA","50000US0650","congressional-district-50-ca",169959,22823,3270,-2.324159021406728,168480,0.8778490028490028,0.9169255148734851
6,"Information (Group)",8,"Information",2018,"2018","04000US06","California",5618,564.4156269984027,"Congressional District 50, CA","50000US0650","congressional-district-50-ca",118806,15303,6062,-7.324315407456285,114887,3.4111779400628444,1.61280135959901
7,"Finance & Insurance, & Real Estate & Rental & Leasing",9,"Finance & Insurance",2018,"2018","04000US06","California",11380,795.8775031372604,"Congressional District 50, CA","50000US0650","congressional-district-50-ca",132304,14308,11542,-1.4035695719979207,127753,3.562342958678074,3.266941878290626
7,"Finance & Insurance, & Real Estate & Rental & Leasing",10,"Real Estate & Rental & Leasing",2018,"2018","04000US06","California",8581,747.1713324265057,"Congressional District 50, CA","50000US0650","congressional-district-50-ca",76714,11782,8507,0.869871870224521,67001,14.496798555245444,2.4634119734281072
8,"Professional, Scientific, & Management, & Administrative & Waste Management Services",11,"Professional, Scientific, & Technical Services",2018,"2018","04000US06","California",25298,1171.1383351252746,"Congressional District 50, CA","50000US0650","congressional-district-50-ca",125715,8888,24711,2.375460321314394,118232,6.329081805264226,7.262486435588422
8,"Professional, Scientific, & Management, & Administrative & Waste Management Services",12,"Management of Companies & Enterprises",2018,"2018","04000US06","California",270,94.54099639838793,"Congressional District 50, CA","50000US0650","congressional-district-50-ca",164990,37567,176,53.40909090909091,148696,10.957927583795126,0.07751092329863524
8,"Professional, Scientific, & Management, & Administrative & Waste Management Services",13,"Administrative & Support & Waste Management Services",2018,"2018","04000US06","California",19013,1151.5906390727566,"Congressional District 50, CA","50000US0650","congressional-district-50-ca",53393,2688,19225,-1.1027308192457737,51246,4.189595285485696,5.458204387692414
9,"Educational Services, & Health Care & Social Assistance",14,"Educational Services",2018,"2018","04000US06","California",28294,1172.3058474647305,"Congressional District 50, CA","50000US0650","congressional-district-50-ca",91482,6422,28237,0.20186280412225094,88389,3.4993042120625875,8.122570606709575
9,"Educational Services, & Health Care & Social Assistance",15,"Health Care & Social Assistance",2018,"2018","04000US06","California",40301,1554.903533985308,"Congressional District 50, CA","50000US0650","congressional-district-50-ca",85948,7569,39047,3.211514328885702,82529,4.142786172133432,11.569510073549253
10,"Arts, Entertainment, & Recreation, & Accommodation & Food Services",16,"Arts, Entertainment, & Recreation",2018,"2018","04000US06","California",13475,939.0644280346264,"Congressional District 50, CA","50000US0650","congressional-district-50-ca",54139,3562,12622,6.758041514815402,52048,4.017445434983093,3.8683692275892954
10,"Arts, Entertainment, & Recreation, & Accommodation & Food Services",17,"Accommodation & Food Services",2018,"2018","04000US06","California",26978,1440.7279410076005,"Congressional District 50, CA","50000US0650","congressional-district-50-ca",34537,2588,26515,1.7461814067508956,33868,1.9753159324436047,7.744776625002153
11,"Other Services, Except Public Administration (Group)",18,"Other Services, Except Public Administration",2018,"2018","04000US06","California",20292,1109.5895637576987,"Congressional District 50, CA","50000US0650","congressional-district-50-ca",,,19645,3.2934588953932296,,NaN,5.825376502132986
12,"Public Administration (Group)",19,"Public Administration",2018,"2018","04000US06","California",15555,835.4256400183083,"Congressional District 50, CA","50000US0650","congressional-district-50-ca",140733,6937,15314,1.5737233903617605,138223,1.8159061805922316,4.465490414482486
0,"Agriculture, Forestry, Fishing & Hunting, & Mining",0,"Agriculture, Forestry, Fishing & Hunting",2017,"2017","04000US06","California",6262,696.2528276423731,"Congressional District 50, CA","50000US0650","congressional-district-50-ca",41337,7326,6556,-4.48444173276388,39268,5.2689212590404395,1.8244751210586736
0,"Agriculture, Forestry, Fishing & Hunting, & Mining",1,"Mining, Quarrying, & Oil & Gas Extraction",2017,"2017","04000US06","California",281,132.87964479181903,"Congressional District 50, CA","50000US0650","congressional-district-50-ca",51792,26418,273,2.93040293040293,50938,1.6765479602654207,0.08187120872205161
1,"Construction (Group)",2,"Construction",2017,"2017","04000US06","California",29547,1239.0306695154886,"Congressional District 50, CA","50000US0650","congressional-district-50-ca",83811,7216,28133,5.0261259019656634,76822,9.097654317773554,8.608713893631528
2,"Manufacturing (Group)",3,"Manufacturing",2017,"2017","04000US06","California",30904,1330.67990140379,"Congressional District 50, CA","50000US0650","congressional-district-50-ca",97778,7848,31043,-0.4477660019972297,93860,4.174302152141488,9.004084819737662
3,"Wholesale Trade (Group)",4,"Wholesale Trade",2017,"2017","04000US06","California",9034,689.3859586617644,"Congressional District 50, CA","50000US0650","congressional-district-50-ca",87816,8306,9247,-2.3034497674921597,84625,3.7707533234859674,2.632115656921759
4,"Retail Trade (Group)",5,"Retail Trade",2017,"2017","04000US06","California",41301,1627.98157237728,"Congressional District 50, CA","50000US0650","congressional-district-50-ca",48457,2024,39308,5.070214714561922,47403,2.2234879648967363,12.033319542453572
5,"Transportation & Warehousing, & Utilities",6,"Transportation & Warehousing",2017,"2017","04000US06","California",11020,791.309042030988,"Congressional District 50, CA","50000US0650","congressional-district-50-ca",74029,16459,10038,9.782825263996813,66456,11.395509811002768,3.2107498936548358
5,"Transportation & Warehousing, & Utilities",7,"Utilities",2017,"2017","04000US06","California",3270,441.07595717744573,"Congressional District 50, CA","50000US0650","congressional-district-50-ca",168480,25493,2989,9.401137504182,150597,11.874738540608378,0.9527361299683587
6,"Information (Group)",8,"Information",2017,"2017","04000US06","California",6062,607.6791916792938,"Congressional District 50, CA","50000US0650","congressional-district-50-ca",114887,17775,5688,6.575246132208158,110352,4.109576627519211,1.7662037981248289
7,"Finance & Insurance, & Real Estate & Rental & Leasing",9,"Finance & Insurance",2017,"2017","04000US06","California",11542,747.6309249890618,"Congressional District 50, CA","50000US0650","congressional-district-50-ca",127753,14259,11040,4.547101449275362,114418,11.654634760264994,3.3628380465121697
7,"Finance & Insurance, & Real Estate & Rental & Leasing",10,"Real Estate & Rental & Leasing",2017,"2017","04000US06","California",8507,778.6860728175379,"Congressional District 50, CA","50000US0650","congressional-district-50-ca",67001,10333,7848,8.397043832823648,70674,-5.197102187508843,2.478570720991079
8,"Professional, Scientific, & Management, & Administrative & Waste Management Services",11,"Professional, Scientific, & Technical Services",2017,"2017","04000US06","California",24711,1009.542965900907,"Congressional District 50, CA","50000US0650","congressional-district-50-ca",118232,9536,23503,5.139769391141556,112475,5.1184707712825075,7.199713305091166
8,"Professional, Scientific, & Management, & Administrative & Waste Management Services",12,"Management of Companies & Enterprises",2017,"2017","04000US06","California",176,73.49829930005184,"Congressional District 50, CA","50000US0650","congressional-district-50-ca",148696,83851,148,18.91891891891892,145896,1.9191753029555298,0.05127876418178322
8,"Professional, Scientific, & Management, & Administrative & Waste Management Services",13,"Administrative & Support & Waste Management Services",2017,"2017","04000US06","California",19225,1276.79677317888,"Congressional District 50, CA","50000US0650","congressional-district-50-ca",51246,3010,19274,-0.25422849434471306,48697,5.234408690473746,5.601330917015809
9,"Educational Services, & Health Care & Social Assistance",14,"Educational Services",2017,"2017","04000US06","California",28237,1166.8247511944544,"Congressional District 50, CA","50000US0650","congressional-district-50-ca",88389,6655,27225,3.7171717171717176,86444,2.25001156818287,8.227036728414845
9,"Educational Services, & Health Care & Social Assistance",15,"Health Care & Social Assistance",2017,"2017","04000US06","California",39047,1391.2763923821894,"Congressional District 50, CA","50000US0650","congressional-district-50-ca",82529,4867,37559,3.9617668202028806,74454,10.845622800655438,11.376601732989144
10,"Arts, Entertainment, & Recreation, & Accommodation & Food Services",16,"Arts, Entertainment, & Recreation",2017,"2017","04000US06","California",12622,862.7172190237077,"Congressional District 50, CA","50000US0650","congressional-district-50-ca",52048,6128,12440,1.4630225080385852,52755,-1.3401573310586674,3.6775031903549307
10,"Arts, Entertainment, & Recreation, & Accommodation & Food Services",17,"Accommodation & Food Services",2017,"2017","04000US06","California",26515,1490.7732892696997,"Congressional District 50, CA","50000US0650","congressional-district-50-ca",33868,2739,24567,7.929336101274067,32426,4.447048664651822,7.725320637954443
11,"Other Services, Except Public Administration (Group)",18,"Other Services, Except Public Administration",2017,"2017","04000US06","California",19645,1093.016468311434,"Congressional District 50, CA","50000US0650","congressional-district-50-ca",,,19211,2.259122377804383,,NaN,5.723700695176882
12,"Public Administration (Group)",19,"Public Administration",2017,"2017","04000US06","California",15314,904.5982533699697,"Congressional District 50, CA","50000US0650","congressional-district-50-ca",138223,8368,14766,3.7112284979005823,129893,6.4129706758639795,4.461835197044479
0,"Agriculture, Forestry, Fishing & Hunting, & Mining",0,"Agriculture, Forestry, Fishing & Hunting",2016,"2016","04000US06","California",6556,755.407836866947,"Congressional District 50, CA","50000US0650","congressional-district-50-ca",39268,4733,6907,-5.081801071376864,39284,-0.04072904999490887,1.9815267064825786
0,"Agriculture, Forestry, Fishing & Hunting, & Mining",1,"Mining, Quarrying, & Oil & Gas Extraction",2016,"2016","04000US06","California",273,151.21177202850313,"Congressional District 50, CA","50000US0650","congressional-district-50-ca",50938,12416,391,-30.179028132992325,107706,-52.70644160956678,0.08251323838769736
1,"Construction (Group)",2,"Construction",2016,"2016","04000US06","California",28133,1140.0021929803468,"Congressional District 50, CA","50000US0650","congressional-district-50-ca",76822,8146,26201,7.373764360138926,72995,5.242824851017193,8.503095002055275
2,"Manufacturing (Group)",3,"Manufacturing",2016,"2016","04000US06","California",31043,1154.6653194757343,"Congressional District 50, CA","50000US0650","congressional-district-50-ca",93860,6755,30715,1.067882142275761,91963,2.0627861205049856,9.382631718935126
3,"Wholesale Trade (Group)",4,"Wholesale Trade",2016,"2016","04000US06","California",9247,741.1430361273052,"Congressional District 50, CA","50000US0650","congressional-district-50-ca",84625,9654,8566,7.950035022180714,82590,2.463978689914033,2.7948714848755953
4,"Retail Trade (Group)",5,"Retail Trade",2016,"2016","04000US06","California",39308,1488.678608699675,"Congressional District 50, CA","50000US0650","congressional-district-50-ca",47403,2830,38504,2.088094743403283,47533,-0.2734942040266762,11.880697342650578
5,"Transportation & Warehousing, & Utilities",6,"Transportation & Warehousing",2016,"2016","04000US06","California",10038,879.8602161707279,"Congressional District 50, CA","50000US0650","congressional-district-50-ca",66456,11201,9294,8.005164622336991,72292,-8.07281580257843,3.0339483037937955
5,"Transportation & Warehousing, & Utilities",7,"Utilities",2016,"2016","04000US06","California",2989,367.78390394360656,"Congressional District 50, CA","50000US0650","congressional-district-50-ca",150597,21596,2844,5.098452883263009,143733,4.775521279038217,0.903414174142225
6,"Information (Group)",8,"Information",2016,"2016","04000US06","California",5688,614.0561863543107,"Congressional District 50, CA","50000US0650","congressional-district-50-ca",110352,15324,5538,2.7085590465872156,103046,7.090037458998894,1.7191769228909255
7,"Finance & Insurance, & Real Estate & Rental & Leasing",9,"Finance & Insurance",2016,"2016","04000US06","California",11040,787.5792023663398,"Congressional District 50, CA","50000US0650","congressional-district-50-ca",114418,21716,11101,-0.5495000450409874,107016,6.916722733049263,3.3367990908431464
7,"Finance & Insurance, & Real Estate & Rental & Leasing",10,"Real Estate & Rental & Leasing",2016,"2016","04000US06","California",7848,593.7213150965695,"Congressional District 50, CA","50000US0650","congressional-district-50-ca",70674,10048,7821,0.34522439585730724,69794,1.260853368484397,2.372028918925454
8,"Professional, Scientific, & Management, & Administrative & Waste Management Services",11,"Professional, Scientific, & Technical Services",2016,"2016","04000US06","California",23503,1056.5931099529278,"Congressional District 50, CA","50000US0650","congressional-district-50-ca",112475,5635,22647,3.779750077272928,106579,5.53204665084116,7.103694658703484
8,"Professional, Scientific, & Management, & Administrative & Waste Management Services",12,"Management of Companies & Enterprises",2016,"2016","04000US06","California",148,72.42237223399962,"Congressional District 50, CA","50000US0650","congressional-district-50-ca",145896,70789,124,19.35483870967742,108822,34.068478800242595,0.04473245158014363
8,"Professional, Scientific, & Management, & Administrative & Waste Management Services",13,"Administrative & Support & Waste Management Services",2016,"2016","04000US06","California",19274,1265.1806195164386,"Congressional District 50, CA","50000US0650","congressional-district-50-ca",48697,4645,17914,7.591827620855198,47671,2.1522518931845354,5.825495079430326
9,"Educational Services, & Health Care & Social Assistance",14,"Educational Services",2016,"2016","04000US06","California",27225,1170.3956595955062,"Congressional District 50, CA","50000US0650","congressional-district-50-ca",86444,6939,25833,5.388456625246777,84560,2.2280037842951748,8.228655366685205
9,"Educational Services, & Health Care & Social Assistance",15,"Health Care & Social Assistance",2016,"2016","04000US06","California",37559,1421.1579785512938,"Congressional District 50, CA","50000US0650","congressional-district-50-ca",74454,5524,36533,2.8084197848520516,76706,-2.9358850676609394,11.352068573639288
10,"Arts, Entertainment, & Recreation, & Accommodation & Food Services",16,"Arts, Entertainment, & Recreation",2016,"2016","04000US06","California",12440,847.8514020746795,"Congressional District 50, CA","50000US0650","congressional-district-50-ca",52755,3551,12457,-0.13646945492494178,52267,0.9336675148755429,3.759943903087748
10,"Arts, Entertainment, & Recreation, & Accommodation & Food Services",17,"Accommodation & Food Services",2016,"2016","04000US06","California",24567,1260.321387583342,"Congressional District 50, CA","50000US0650","congressional-district-50-ca",32426,2249,24039,2.196430799950081,31060,4.397939471989697,7.425284716009382
11,"Other Services, Except Public Administration (Group)",18,"Other Services, Except Public Administration",2016,"2016","04000US06","California",19211,1060.608316014918,"Congressional District 50, CA","50000US0650","congressional-district-50-ca",,,18537,3.6359713006419594,,NaN,5.8064535628793195
12,"Public Administration (Group)",19,"Public Administration",2016,"2016","04000US06","California",14766,869.6694774453108,"Congressional District 50, CA","50000US0650","congressional-district-50-ca",129893,7411,15082,-2.095212836493834,129260,0.4897106606838929,4.462968784002708
0,"Agriculture, Forestry, Fishing & Hunting, & Mining",0,"Agriculture, Forestry, Fishing & Hunting",2015,"2015","04000US06","California",6907,740.6483646103595,"Congressional District 50, CA","50000US0650","congressional-district-50-ca",39284,4100,6947,-0.575788109975529,40453,-2.8897733171829034,2.1513916922080187
0,"Agriculture, Forestry, Fishing & Hunting, & Mining",1,"Mining, Quarrying, & Oil & Gas Extraction",2015,"2015","04000US06","California",391,213.45959805077868,"Congressional District 50, CA","50000US0650","congressional-district-50-ca",107706,89329,332,17.771084337349397,107587,0.11060815897831523,0.12178864219680545
1,"Construction (Group)",2,"Construction",2015,"2015","04000US06","California",26201,1281.8432041400383,"Congressional District 50, CA","50000US0650","congressional-district-50-ca",72995,7122,26576,-1.4110475617098133,69958,4.34117613425198,8.161084946799232
2,"Manufacturing (Group)",3,"Manufacturing",2015,"2015","04000US06","California",30715,1282.5326506565045,"Congressional District 50, CA","50000US0650","congressional-district-50-ca",91963,6266,30304,1.3562565997888067,90880,1.191681338028169,9.567105230370537
3,"Wholesale Trade (Group)",4,"Wholesale Trade",2015,"2015","04000US06","California",8566,694.510619069284,"Congressional District 50, CA","50000US0650","congressional-district-50-ca",82590,7643,8106,5.674808783617074,83611,-1.2211311908720146,2.6681368518103215
4,"Retail Trade (Group)",5,"Retail Trade",2015,"2015","04000US06","California",38504,1519.3103698718046,"Congressional District 50, CA","50000US0650","congressional-district-50-ca",47533,3076,37183,3.5526988139741276,48729,-2.4543906092881036,11.99322219730383
5,"Transportation & Warehousing, & Utilities",6,"Transportation & Warehousing",2015,"2015","04000US06","California",9294,805.7791260637123,"Congressional District 50, CA","50000US0650","congressional-district-50-ca",72292,11335,8945,3.9016210173281163,74620,-3.119807022246047,2.8948942214248334
5,"Transportation & Warehousing, & Utilities",7,"Utilities",2015,"2015","04000US06","California",2844,410.9513353184292,"Congressional District 50, CA","50000US0650","congressional-district-50-ca",143733,22745,2986,-4.755525787006029,144508,-0.5363024884435464,0.8858488450325185
6,"Information (Group)",8,"Information",2015,"2015","04000US06","California",5538,579.4523276336027,"Congressional District 50, CA","50000US0650","congressional-district-50-ca",103046,16539,5466,1.3172338090010975,104970,-1.8329046394207869,1.7249757045675413
7,"Finance & Insurance, & Real Estate & Rental & Leasing",9,"Finance & Insurance",2015,"2015","04000US06","California",11101,865.4524828088485,"Congressional District 50, CA","50000US0650","congressional-district-50-ca",107016,7911,11104,-0.027017291066282423,108391,-1.2685555073760737,3.457738406717999
7,"Finance & Insurance, & Real Estate & Rental & Leasing",10,"Real Estate & Rental & Leasing",2015,"2015","04000US06","California",7821,682.3606084761927,"Congressional District 50, CA","50000US0650","congressional-district-50-ca",69794,12682,7733,1.1379800853485065,65871,5.955579845455512,2.436084323839426
8,"Professional, Scientific, & Management, & Administrative & Waste Management Services",11,"Professional, Scientific, & Technical Services",2015,"2015","04000US06","California",22647,1092.1437634304377,"Congressional District 50, CA","50000US0650","congressional-district-50-ca",106579,8679,21716,4.28716153987843,111928,-4.778965048960046,7.054085370411902
8,"Professional, Scientific, & Management, & Administrative & Waste Management Services",12,"Management of Companies & Enterprises",2015,"2015","04000US06","California",124,55.2177507691141,"Congressional District 50, CA","50000US0650","congressional-district-50-ca",108822,66383,115,7.82608695652174,123163,-11.64391903412551,0.03862350801126311
8,"Professional, Scientific, & Management, & Administrative & Waste Management Services",13,"Administrative & Support & Waste Management Services",2015,"2015","04000US06","California",17914,1068.11984346327,"Congressional District 50, CA","50000US0650","congressional-district-50-ca",47671,4190,16657,7.5463768986011885,47593,0.16388964763725758,5.579850988014253
9,"Educational Services, & Health Care & Social Assistance",14,"Educational Services",2015,"2015","04000US06","California",25833,1030.2125994181977,"Congressional District 50, CA","50000US0650","congressional-district-50-ca",84560,5157,24872,3.8637825667417176,85496,-1.0947880602601292,8.04646034237871
9,"Educational Services, & Health Care & Social Assistance",15,"Health Care & Social Assistance",2015,"2015","04000US06","California",36533,1458.1111068776618,"Congressional District 50, CA","50000US0650","congressional-district-50-ca",76706,6762,35142,3.9582266234135792,74127,3.4791641372239535,11.379295307866737
10,"Arts, Entertainment, & Recreation, & Accommodation & Food Services",16,"Arts, Entertainment, & Recreation",2015,"2015","04000US06","California",12457,786.4890336171255,"Congressional District 50, CA","50000US0650","congressional-district-50-ca",52267,4904,11950,4.2426778242677825,48124,8.609010057351842,3.88010515561536
10,"Arts, Entertainment, & Recreation, & Accommodation & Food Services",17,"Accommodation & Food Services",2015,"2015","04000US06","California",24039,1345.6556022994887,"Congressional District 50, CA","50000US0650","congressional-district-50-ca",31060,2448,21477,11.929040368766588,32194,-3.5223954774181525,7.487665395828662
11,"Other Services, Except Public Administration (Group)",18,"Other Services, Except Public Administration",2015,"2015","04000US06","California",18537,1026.4428868670677,"Congressional District 50, CA","50000US0650","congressional-district-50-ca",,,18042,2.743598270701696,,NaN,5.773902967780519
12,"Public Administration (Group)",19,"Public Administration",2015,"2015","04000US06","California",15082,872.7897799584961,"Congressional District 50, CA","50000US0650","congressional-district-50-ca",129260,8937,15519,-2.8159030865390813,126953,1.8172079430970518,4.697739901821534
0,"Agriculture, Forestry, Fishing & Hunting, & Mining",0,"Agriculture, Forestry, Fishing & Hunting",2014,"2014","04000US06","California",6947,777.2888780884491,"Congressional District 50, CA","50000US0650","congressional-district-50-ca",40453,3722,6504,6.811193111931119,40725,-0.6678944137507674,2.232527348218991
0,"Agriculture, Forestry, Fishing & Hunting, & Mining",1,"Mining, Quarrying, & Oil & Gas Extraction",2014,"2014","04000US06","California",332,167.34395716607156,"Congressional District 50, CA","50000US0650","congressional-district-50-ca",107587,95651,221,50.2262443438914,105281,2.190328739278692,0.1066934042908745
1,"Construction (Group)",2,"Construction",2014,"2014","04000US06","California",26576,1378.3051186148878,"Congressional District 50, CA","50000US0650","congressional-district-50-ca",69958,4835,26730,-0.5761316872427984,70223,-0.3773692379989462,8.54061419407916
2,"Manufacturing (Group)",3,"Manufacturing",2014,"2014","04000US06","California",30304,1374.2503410951006,"Congressional District 50, CA","50000US0650","congressional-district-50-ca",90880,5845,29282,3.4901987569155115,88594,2.580310179018895,9.738665432622472
3,"Wholesale Trade (Group)",4,"Wholesale Trade",2014,"2014","04000US06","California",8106,733.9271080972552,"Congressional District 50, CA","50000US0650","congressional-district-50-ca",83611,10579,8563,-5.336914632722177,79193,5.5787759019105225,2.6049901662103276
4,"Retail Trade (Group)",5,"Retail Trade",2014,"2014","04000US06","California",37183,1448.9006177098554,"Congressional District 50, CA","50000US0650","congressional-district-50-ca",48729,3416,37627,-1.1800037207324527,49081,-0.7171818015117866,11.94933991490237
5,"Transportation & Warehousing, & Utilities",6,"Transportation & Warehousing",2014,"2014","04000US06","California",8945,647.6241193778995,"Congressional District 50, CA","50000US0650","congressional-district-50-ca",74620,9948,8736,2.3923992673992673,72466,2.9724284492037647,2.874615968017688
5,"Transportation & Warehousing, & Utilities",7,"Utilities",2014,"2014","04000US06","California",2986,346.07080200444534,"Congressional District 50, CA","50000US0650","congressional-district-50-ca",144508,13709,2884,3.536754507628294,142420,1.4660862238449657,0.9595979072667207
6,"Information (Group)",8,"Information",2014,"2014","04000US06","California",5466,569.7227395847914,"Congressional District 50, CA","50000US0650","congressional-district-50-ca",104970,18853,5201,5.095174004999039,107318,-2.1878901954937664,1.75658478269253
7,"Finance & Insurance, & Real Estate & Rental & Leasing",9,"Finance & Insurance",2014,"2014","04000US06","California",11104,897.0451493654042,"Congressional District 50, CA","50000US0650","congressional-district-50-ca",108391,7428,11484,-3.308951584813654,107850,0.5016226240148354,3.5684444615839475
7,"Finance & Insurance, & Real Estate & Rental & Leasing",10,"Real Estate & Rental & Leasing",2014,"2014","04000US06","California",7733,671.1519947076071,"Congressional District 50, CA","50000US0650","congressional-district-50-ca",65871,13096,7872,-1.7657520325203253,60274,9.285927597305637,2.485120769220881
8,"Professional, Scientific, & Management, & Administrative & Waste Management Services",11,"Professional, Scientific, & Technical Services",2014,"2014","04000US06","California",21716,961.731771337518,"Congressional District 50, CA","50000US0650","congressional-district-50-ca",111928,7271,20716,4.827186715582159,108980,2.705083501559919,6.978777010785032
8,"Professional, Scientific, & Management, & Administrative & Waste Management Services",12,"Management of Companies & Enterprises",2014,"2014","04000US06","California",115,62.24146527838174,"Congressional District 50, CA","50000US0650","congressional-district-50-ca",123163,33689,144,-20.13888888888889,123096,0.054429063495158254,0.03695705269111617
8,"Professional, Scientific, & Management, & Administrative & Waste Management Services",13,"Administrative & Support & Waste Management Services",2014,"2014","04000US06","California",16657,1052.5787381474129,"Congressional District 50, CA","50000US0650","congressional-district-50-ca",47593,5439,16728,-0.4244380679100909,47702,-0.2285019496037902,5.352988058051496
9,"Educational Services, & Health Care & Social Assistance",14,"Educational Services",2014,"2014","04000US06","California",24872,1017.7627424896236,"Congressional District 50, CA","50000US0650","congressional-district-50-ca",85496,6387,24045,3.4393844874194217,83225,2.728747371583058,7.9930070828994895
9,"Educational Services, & Health Care & Social Assistance",15,"Health Care & Social Assistance",2014,"2014","04000US06","California",35142,1402.1701038033868,"Congressional District 50, CA","50000US0650","congressional-district-50-ca",74127,4307,34033,3.258601945170864,71466,3.7234489127697086,11.29343257105395
10,"Arts, Entertainment, & Recreation, & Accommodation & Food Services",16,"Arts, Entertainment, & Recreation",2014,"2014","04000US06","California",11950,928.819142782921,"Congressional District 50, CA","50000US0650","congressional-district-50-ca",48124,4069,11845,0.8864499788940482,47430,1.4632089394897745,3.840319823120332
10,"Arts, Entertainment, & Recreation, & Accommodation & Food Services",17,"Accommodation & Food Services",2014,"2014","04000US06","California",21477,1273.3365619505314,"Congressional District 50, CA","50000US0650","congressional-district-50-ca",32194,2785,20679,3.858987378499928,32779,-1.784679215351292,6.901970614322625
11,"Other Services, Except Public Administration (Group)",18,"Other Services, Except Public Administration",2014,"2014","04000US06","California",18042,1075.3380863709795,"Congressional District 50, CA","50000US0650","congressional-district-50-ca",,,16664,8.269323091694671,,NaN,5.798079518722765
12,"Public Administration (Group)",19,"Public Administration",2014,"2014","04000US06","California",15519,806.3361581871422,"Congressional District 50, CA","50000US0650","congressional-district-50-ca",126953,7599,15260,1.6972477064220184,125906,0.831572760630947,4.987273919247233
0,"Agriculture, Forestry, Fishing & Hunting, & Mining",0,"Agriculture, Forestry, Fishing & Hunting",2013,"2013","04000US06","California",6504,833.6695988219794,"Congressional District 50, CA","50000US0650","congressional-district-50-ca",40725,4593,,NaN,,NaN,2.1309359212104138
0,"Agriculture, Forestry, Fishing & Hunting, & Mining",1,"Mining, Quarrying, & Oil & Gas Extraction",2013,"2013","04000US06","California",221,120.67311216671258,"Congressional District 50, CA","50000US0650","congressional-district-50-ca",105281,39051,,NaN,,NaN,0.07240726300545838
1,"Construction (Group)",2,"Construction",2013,"2013","04000US06","California",26730,1131.7181627949603,"Congressional District 50, CA","50000US0650","congressional-district-50-ca",70223,4945,,NaN,,NaN,8.757674842243905
2,"Manufacturing (Group)",3,"Manufacturing",2013,"2013","04000US06","California",29282,1196.3151758629497,"Congressional District 50, CA","50000US0650","congressional-district-50-ca",88594,5103,,NaN,,NaN,9.59379853088612
3,"Wholesale Trade (Group)",4,"Wholesale Trade",2013,"2013","04000US06","California",8563,725.2530592834477,"Congressional District 50, CA","50000US0650","congressional-district-50-ca",79193,7458,,NaN,,NaN,2.805535715455838
4,"Retail Trade (Group)",5,"Retail Trade",2013,"2013","04000US06","California",37627,1475.5449840652097,"Congressional District 50, CA","50000US0650","congressional-district-50-ca",49081,3338,,NaN,,NaN,12.3279098873592
5,"Transportation & Warehousing, & Utilities",6,"Transportation & Warehousing",2013,"2013","04000US06","California",8736,662.0045317065436,"Congressional District 50, CA","50000US0650","congressional-district-50-ca",72466,7047,,NaN,,NaN,2.86221651409812
5,"Transportation & Warehousing, & Utilities",7,"Utilities",2013,"2013","04000US06","California",2884,408.00122548835554,"Congressional District 50, CA","50000US0650","congressional-district-50-ca",142420,15691,,NaN,,NaN,0.9448984004875203
6,"Information (Group)",8,"Information",2013,"2013","04000US06","California",5201,502.5475101918226,"Congressional District 50, CA","50000US0650","congressional-district-50-ca",107318,13274,,NaN,,NaN,1.7040279406850187
7,"Finance & Insurance, & Real Estate & Rental & Leasing",9,"Finance & Insurance",2013,"2013","04000US06","California",11484,863.4309468625735,"Congressional District 50, CA","50000US0650","congressional-district-50-ca",107850,7205,,NaN,,NaN,3.762556598889974
7,"Finance & Insurance, & Real Estate & Rental & Leasing",10,"Real Estate & Rental & Leasing",2013,"2013","04000US06","California",7872,646.8454220290965,"Congressional District 50, CA","50000US0650","congressional-district-50-ca",60274,11414,,NaN,,NaN,2.579140155560943
8,"Professional, Scientific, & Management, & Administrative & Waste Management Services",11,"Professional, Scientific, & Technical Services",2013,"2013","04000US06","California",20716,1030.4722218478282,"Congressional District 50, CA","50000US0650","congressional-district-50-ca",108980,5957,,NaN,,NaN,6.787279911407584
8,"Professional, Scientific, & Management, & Administrative & Waste Management Services",12,"Management of Companies & Enterprises",2013,"2013","04000US06","California",144,81.40024569987489,"Congressional District 50, CA","50000US0650","congressional-district-50-ca",123096,18789,,NaN,,NaN,0.04717939308952945
8,"Professional, Scientific, & Management, & Administrative & Waste Management Services",13,"Administrative & Support & Waste Management Services",2013,"2013","04000US06","California",16728,1220.403212057392,"Congressional District 50, CA","50000US0650","congressional-district-50-ca",47702,4462,,NaN,,NaN,5.480672830567005
9,"Educational Services, & Health Care & Social Assistance",14,"Educational Services",2013,"2013","04000US06","California",24045,997.2171278111904,"Congressional District 50, CA","50000US0650","congressional-district-50-ca",83225,6291,,NaN,,NaN,7.8779757419287195
9,"Educational Services, & Health Care & Social Assistance",15,"Health Care & Social Assistance",2013,"2013","04000US06","California",34033,1383.6433789094647,"Congressional District 50, CA","50000US0650","congressional-district-50-ca",71466,5306,,NaN,,NaN,11.15039086816636
10,"Arts, Entertainment, & Recreation, & Accommodation & Food Services",16,"Arts, Entertainment, & Recreation",2013,"2013","04000US06","California",11845,759.318773638582,"Congressional District 50, CA","50000US0650","congressional-district-50-ca",47430,3499,,NaN,,NaN,3.8808327162880305
10,"Arts, Entertainment, & Recreation, & Accommodation & Food Services",17,"Accommodation & Food Services",2013,"2013","04000US06","California",20679,1155.447965076749,"Congressional District 50, CA","50000US0650","congressional-district-50-ca",32779,2306,,NaN,,NaN,6.775157428460969
11,"Other Services, Except Public Administration (Group)",18,"Other Services, Except Public Administration",2013,"2013","04000US06","California",16664,912.2554466814653,"Congressional District 50, CA","50000US0650","congressional-district-50-ca",,,,NaN,,NaN,5.459704211416103
12,"Public Administration (Group)",19,"Public Administration",2013,"2013","04000US06","California",15260,861.0952328285183,"Congressional District 50, CA","50000US0650","congressional-district-50-ca",125906,7391,,NaN,,NaN,4.99970512879319